"Sensitivity","Precision","TP","Truth","TP_tmp","FP","T_coverage","N_coverage","VAF","BND_threshold"
0.00928571428571429,0.822222222222222,13,1400,37,8,20,15,0.05,2
0.00928571428571429,0.863636363636364,13,1400,38,6,20,15,0.05,5
0.00928571428571429,0.863636363636364,13,1400,38,6,20,15,0.05,50
0.0121428571428571,1,17,1400,42,0,20,15,0.05,150
0.0121428571428571,1,17,1400,42,0,20,15,0.05,200
0.0857142857142857,0.709375,120,1400,227,93,20,15,0.1,2
0.09,0.735849056603774,126,1400,234,84,20,15,0.1,5
0.0992857142857143,0.791139240506329,139,1400,250,66,20,15,0.1,50
0.117142857142857,0.951890034364261,164,1400,277,14,20,15,0.1,150
0.117142857142857,0.98576512455516,164,1400,277,4,20,15,0.1,200
0.315,0.809468822170901,441,1400,701,165,20,15,0.2,2
0.324285714285714,0.830429732868757,454,1400,715,146,20,15,0.2,5
0.342857142857143,0.872941176470588,480,1400,742,108,20,15,0.2,50
0.382857142857143,0.968599033816425,536,1400,802,26,20,15,0.2,150
0.383571428571429,0.976885644768856,537,1400,803,19,20,15,0.2,200
0.712857142857143,0.928521373510862,998,1400,1325,102,20,15,0.5,2
0.726428571428571,0.952515946137491,1017,1400,1344,67,20,15,0.5,5
0.736428571428571,0.963804116394606,1031,1400,1358,51,20,15,0.5,50
0.758571428571429,0.97610681658468,1062,1400,1389,34,20,15,0.5,150
0.758571428571429,0.97610681658468,1062,1400,1389,34,20,15,0.5,200
0.811428571428571,0.937860345932095,1136,1400,1464,97,20,15,0.8,2
0.827857142857143,0.961836998706339,1159,1400,1487,59,20,15,0.8,5
0.832857142857143,0.96574014221073,1166,1400,1494,53,20,15,0.8,50
0.834285714285714,0.967032967032967,1168,1400,1496,51,20,15,0.8,150
0.834285714285714,0.967032967032967,1168,1400,1496,51,20,15,0.8,200
0.834285714285714,0.93512164691204,1168,1400,1499,104,20,15,1,2
0.852142857142857,0.959093769666457,1193,1400,1524,65,20,15,1,5
0.852857142857143,0.959723096286973,1194,1400,1525,64,20,15,1,50
0.855714285714286,0.960427135678392,1198,1400,1529,63,20,15,1,150
0.855714285714286,0.961635220125786,1198,1400,1529,61,20,15,1,200
0.0121428571428571,0.826923076923077,17,1400,43,9,20,30,0.05,2
0.0128571428571429,0.865384615384615,18,1400,45,7,20,30,0.05,5
0.0128571428571429,0.865384615384615,18,1400,45,7,20,30,0.05,50
0.0164285714285714,1,23,1400,50,0,20,30,0.05,150
0.0164285714285714,1,23,1400,50,0,20,30,0.05,200
0.095,0.715976331360947,133,1400,242,96,20,30,0.1,2
0.1,0.746268656716418,140,1400,250,85,20,30,0.1,5
0.109285714285714,0.798798798798799,153,1400,266,67,20,30,0.1,50
0.127857142857143,0.957792207792208,179,1400,295,13,20,30,0.1,150
0.127857142857143,0.986622073578595,179,1400,295,4,20,30,0.1,200
0.343571428571429,0.815587266739846,481,1400,743,168,20,30,0.2,2
0.355,0.838852097130243,497,1400,760,146,20,30,0.2,5
0.373571428571429,0.880446927374302,523,1400,788,107,20,30,0.2,50
0.411428571428571,0.969001148105626,576,1400,844,27,20,30,0.2,150
0.412142857142857,0.976878612716763,577,1400,845,20,20,30,0.2,200
0.766428571428571,0.924752475247525,1073,1400,1401,114,20,30,0.5,2
0.78,0.9472981987992,1092,1400,1420,79,20,30,0.5,5
0.790714285714286,0.958583834335337,1107,1400,1435,62,20,30,0.5,50
0.813571428571429,0.970880211780278,1139,1400,1467,44,20,30,0.5,150
0.813571428571429,0.970880211780278,1139,1400,1467,44,20,30,0.5,200
0.85,0.930802204531537,1190,1400,1520,113,20,30,0.8,2
0.866428571428571,0.953057442865967,1213,1400,1543,76,20,30,0.8,5
0.872142857142857,0.957407407407407,1221,1400,1551,69,20,30,0.8,50
0.873571428571429,0.958641975308642,1223,1400,1553,67,20,30,0.8,150
0.873571428571429,0.958641975308642,1223,1400,1553,67,20,30,0.8,200
0.853571428571429,0.928354584092289,1195,1400,1529,118,20,30,1,2
0.870714285714286,0.951010410287814,1219,1400,1553,80,20,30,1,5
0.872142857142857,0.952235150030619,1221,1400,1555,78,20,30,1,50
0.875,0.952933985330073,1225,1400,1559,77,20,30,1,150
0.875,0.954100367197062,1225,1400,1559,75,20,30,1,200
0.0135714285714286,0.821428571428571,19,1400,46,10,20,45,0.05,2
0.0135714285714286,0.854545454545454,19,1400,47,8,20,45,0.05,5
0.0135714285714286,0.854545454545454,19,1400,47,8,20,45,0.05,50
0.0171428571428571,0.981132075471698,24,1400,52,1,20,45,0.05,150
0.0171428571428571,1,24,1400,52,0,20,45,0.05,200
0.100714285714286,0.729885057471264,141,1400,254,94,20,45,0.1,2
0.105714285714286,0.759420289855072,148,1400,262,83,20,45,0.1,5
0.115,0.810495626822157,161,1400,278,65,20,45,0.1,50
0.135,0.959375,189,1400,307,13,20,45,0.1,150
0.135,0.987138263665595,189,1400,307,4,20,45,0.1,200
0.342857142857143,0.817381738173817,480,1400,743,166,20,45,0.2,2
0.352857142857143,0.839424141749723,494,1400,758,145,20,45,0.2,5
0.372142857142857,0.881165919282511,521,1400,786,106,20,45,0.2,50
0.409285714285714,0.96889400921659,573,1400,841,27,20,45,0.2,150
0.41,0.976798143851508,574,1400,842,20,20,45,0.2,200
0.771428571428571,0.926267281105991,1080,1400,1407,112,20,45,0.5,2
0.785714285714286,0.949434464404524,1100,1400,1427,76,20,45,0.5,5
0.794285714285714,0.958694203864091,1112,1400,1439,62,20,45,0.5,50
0.815714285714286,0.970277410832233,1142,1400,1469,45,20,45,0.5,150
0.815714285714286,0.970277410832233,1142,1400,1469,45,20,45,0.5,200
0.845714285714286,0.929404542664211,1184,1400,1514,115,20,45,0.8,2
0.862142857142857,0.952292441140025,1207,1400,1537,77,20,45,0.8,5
0.867857142857143,0.956656346749226,1215,1400,1545,70,20,45,0.8,50
0.87,0.957920792079208,1218,1400,1548,68,20,45,0.8,150
0.87,0.958513931888545,1218,1400,1548,67,20,45,0.8,200
0.847142857142857,0.926264472882389,1186,1400,1520,121,20,45,1,2
0.865,0.94960049170252,1211,1400,1545,82,20,45,1,5
0.866428571428571,0.950829748002459,1213,1400,1547,80,20,45,1,50
0.870714285714286,0.951593137254902,1219,1400,1553,79,20,45,1,150
0.870714285714286,0.953345610804174,1219,1400,1553,76,20,45,1,200
0.0128571428571429,0.849056603773585,18,1400,45,8,20,60,0.05,2
0.0128571428571429,0.884615384615385,18,1400,46,6,20,60,0.05,5
0.0128571428571429,0.884615384615385,18,1400,46,6,20,60,0.05,50
0.0164285714285714,1,23,1400,51,0,20,60,0.05,150
0.0164285714285714,1,23,1400,51,0,20,60,0.05,200
0.105714285714286,0.732394366197183,148,1400,260,95,20,60,0.1,2
0.110714285714286,0.761363636363636,155,1400,268,84,20,60,0.1,5
0.119285714285714,0.808571428571429,167,1400,283,67,20,60,0.1,50
0.138571428571429,0.960122699386503,194,1400,313,13,20,60,0.1,150
0.138571428571429,0.987381703470032,194,1400,313,4,20,60,0.1,200
0.347857142857143,0.823464912280702,487,1400,751,161,20,60,0.2,2
0.358571428571429,0.847513812154696,502,1400,767,138,20,60,0.2,5
0.377142857142857,0.887150837988827,528,1400,794,101,20,60,0.2,50
0.412142857142857,0.969036697247706,577,1400,845,27,20,60,0.2,150
0.412857142857143,0.976905311778291,578,1400,846,20,20,60,0.2,200
0.771428571428571,0.925706771860618,1080,1400,1408,113,20,60,0.5,2
0.785714285714286,0.948837209302326,1100,1400,1428,77,20,60,0.5,5
0.795,0.958749168330007,1113,1400,1441,62,20,60,0.5,50
0.817142857142857,0.970336189848385,1144,1400,1472,45,20,60,0.5,150
0.817142857142857,0.970336189848385,1144,1400,1472,45,20,60,0.5,200
0.847142857142857,0.930061349693251,1186,1400,1516,114,20,60,0.8,2
0.862857142857143,0.951732673267327,1208,1400,1538,78,20,60,0.8,5
0.868571428571429,0.956091527520099,1216,1400,1546,71,20,60,0.8,50
0.870714285714286,0.957354758961681,1219,1400,1549,69,20,60,0.8,150
0.870714285714286,0.957946815089672,1219,1400,1549,68,20,60,0.8,200
0.848571428571429,0.926354230066951,1188,1400,1522,121,20,60,1,2
0.866428571428571,0.949662369551872,1213,1400,1547,82,20,60,1,5
0.867857142857143,0.950890116635973,1215,1400,1549,80,20,60,1,50
0.871428571428571,0.951622780159216,1220,1400,1554,79,20,60,1,150
0.871428571428571,0.953374233128834,1220,1400,1554,76,20,60,1,200
0.015,0.819672131147541,21,1400,50,11,20,75,0.05,2
0.015,0.85,21,1400,51,9,20,75,0.05,5
0.015,0.85,21,1400,51,9,20,75,0.05,50
0.0185714285714286,0.982456140350877,26,1400,56,1,20,75,0.05,150
0.0185714285714286,1,26,1400,56,0,20,75,0.05,200
0.107857142857143,0.738888888888889,151,1400,266,94,20,75,0.1,2
0.112857142857143,0.76750700280112,158,1400,274,83,20,75,0.1,5
0.121428571428571,0.814084507042254,170,1400,289,66,20,75,0.1,50
0.140714285714286,0.957703927492447,197,1400,317,14,20,75,0.1,150
0.140714285714286,0.984472049689441,197,1400,317,5,20,75,0.1,200
0.347857142857143,0.823658269441402,487,1400,752,161,20,75,0.2,2
0.357857142857143,0.847682119205298,501,1400,768,138,20,75,0.2,5
0.376428571428571,0.887276785714286,527,1400,795,101,20,75,0.2,50
0.411428571428571,0.969036697247706,576,1400,845,27,20,75,0.2,150
0.412142857142857,0.976905311778291,577,1400,846,20,20,75,0.2,200
0.771428571428571,0.926315789473684,1080,1400,1408,112,20,75,0.5,2
0.785714285714286,0.949468085106383,1100,1400,1428,76,20,75,0.5,5
0.794285714285714,0.958721704394141,1112,1400,1440,62,20,75,0.5,50
0.816428571428571,0.970316622691293,1143,1400,1471,45,20,75,0.5,150
0.816428571428571,0.970316622691293,1143,1400,1471,45,20,75,0.5,200
0.842857142857143,0.929187192118227,1180,1400,1509,115,20,75,0.8,2
0.858571428571429,0.951522684897452,1202,1400,1531,78,20,75,0.8,5
0.864285714285714,0.955900621118012,1210,1400,1539,71,20,75,0.8,50
0.866428571428571,0.957196029776675,1213,1400,1543,69,20,75,0.8,150
0.866428571428571,0.958385093167702,1213,1400,1543,67,20,75,0.8,200
0.845714285714286,0.926129426129426,1184,1400,1517,121,20,75,1,2
0.862857142857143,0.948891625615764,1208,1400,1541,83,20,75,1,5
0.864285714285714,0.95012315270936,1210,1400,1543,81,20,75,1,50
0.867857142857143,0.950890116635973,1215,1400,1549,80,20,75,1,150
0.867857142857143,0.953230769230769,1215,1400,1549,76,20,75,1,200
0.0157142857142857,0.825396825396825,22,1400,52,11,20,90,0.05,2
0.0157142857142857,0.854838709677419,22,1400,53,9,20,90,0.05,5
0.0157142857142857,0.854838709677419,22,1400,53,9,20,90,0.05,50
0.02,0.983333333333333,28,1400,59,1,20,90,0.05,150
0.02,1,28,1400,59,0,20,90,0.05,200
0.108571428571429,0.741666666666667,152,1400,267,93,20,90,0.1,2
0.113571428571429,0.7703081232493,159,1400,275,82,20,90,0.1,5
0.122142857142857,0.816901408450704,171,1400,290,65,20,90,0.1,50
0.141428571428571,0.957831325301205,198,1400,318,14,20,90,0.1,150
0.141428571428571,0.984520123839009,198,1400,318,5,20,90,0.1,200
0.351428571428571,0.824618736383442,492,1400,757,161,20,90,0.2,2
0.361428571428571,0.848518111964874,506,1400,773,138,20,90,0.2,5
0.380714285714286,0.889012208657048,533,1400,801,100,20,90,0.2,50
0.415714285714286,0.969248291571754,582,1400,851,27,20,90,0.2,150
0.416428571428571,0.977064220183486,583,1400,852,20,20,90,0.2,200
0.769285714285714,0.926170072511536,1077,1400,1405,112,20,90,0.5,2
0.783571428571429,0.949367088607595,1097,1400,1425,76,20,90,0.5,5
0.792142857142857,0.958639092728486,1109,1400,1437,62,20,90,0.5,50
0.814285714285714,0.970257766027759,1140,1400,1468,45,20,90,0.5,150
0.814285714285714,0.970257766027759,1140,1400,1468,45,20,90,0.5,200
0.842142857142857,0.929759704251386,1179,1400,1509,114,20,90,0.8,2
0.858571428571429,0.95273631840796,1202,1400,1532,76,20,90,0.8,5
0.863571428571429,0.956494717215662,1209,1400,1539,70,20,90,0.8,50
0.865,0.957737725295214,1211,1400,1541,68,20,90,0.8,150
0.865,0.957737725295214,1211,1400,1541,68,20,90,0.8,200
0.842857142857143,0.927696078431373,1180,1400,1514,118,20,90,1,2
0.860714285714286,0.951174289245983,1205,1400,1539,79,20,90,1,5
0.861428571428571,0.951792336217553,1206,1400,1540,78,20,90,1,50
0.864285714285714,0.952498457742134,1210,1400,1544,77,20,90,1,150
0.864285714285714,0.953675108091414,1210,1400,1544,75,20,90,1,200
0.0314285714285714,0.808510638297872,44,1400,114,27,30,15,0.05,2
0.0328571428571429,0.842857142857143,46,1400,118,22,30,15,0.05,5
0.0328571428571429,0.848920863309353,46,1400,118,21,30,15,0.05,50
0.0371428571428571,0.961832061068702,52,1400,126,5,30,15,0.05,150
0.0378571428571429,0.976923076923077,53,1400,127,3,30,15,0.05,200
0.168571428571429,0.791896869244936,236,1400,430,113,30,15,0.1,2
0.176428571428571,0.817343173431734,247,1400,443,99,30,15,0.1,5
0.183571428571429,0.861940298507463,257,1400,462,74,30,15,0.1,50
0.197142857142857,0.966067864271457,276,1400,484,17,30,15,0.1,150
0.197142857142857,0.981744421906694,276,1400,484,9,30,15,0.1,200
0.513571428571429,0.866048862679023,719,1400,1028,159,30,15,0.2,2
0.527857142857143,0.89124893797791,739,1400,1049,128,30,15,0.2,5
0.546428571428571,0.91801878736123,765,1400,1075,96,30,15,0.2,50
0.59,0.972602739726027,826,1400,1136,32,30,15,0.2,150
0.590714285714286,0.975128644939966,827,1400,1137,29,30,15,0.2,200
0.763571428571429,0.942048517520216,1069,1400,1398,86,30,15,0.5,2
0.779285714285714,0.966643975493533,1091,1400,1420,49,30,15,0.5,5
0.785,0.971428571428571,1099,1400,1428,42,30,15,0.5,50
0.788571428571429,0.972844534962661,1104,1400,1433,40,30,15,0.5,150
0.788571428571429,0.973505434782609,1104,1400,1433,39,30,15,0.5,200
0.830714285714286,0.933708567854909,1163,1400,1493,106,30,15,0.8,2
0.848571428571429,0.957124842370744,1188,1400,1518,68,30,15,0.8,5
0.85,0.957178841309824,1190,1400,1520,68,30,15,0.8,50
0.852857142857143,0.957286432160804,1194,1400,1524,68,30,15,0.8,150
0.853571428571429,0.960352422907489,1195,1400,1526,63,30,15,0.8,200
0.845,0.925091352009744,1183,1400,1519,123,30,15,1,2
0.867142857142857,0.951503990178023,1214,1400,1550,79,30,15,1,5
0.869285714285714,0.952760736196319,1217,1400,1553,77,30,15,1,50
0.869285714285714,0.952760736196319,1217,1400,1553,77,30,15,1,150
0.869285714285714,0.952760736196319,1217,1400,1553,77,30,15,1,200
0.0392857142857143,0.788819875776398,55,1400,127,34,30,30,0.05,2
0.0414285714285714,0.825,58,1400,132,28,30,30,0.05,5
0.0421428571428571,0.836477987421384,59,1400,133,26,30,30,0.05,50
0.0471428571428571,0.959459459459459,66,1400,142,6,30,30,0.05,150
0.0478571428571429,0.979452054794521,67,1400,143,3,30,30,0.05,200
0.193571428571429,0.801381692573402,271,1400,464,115,30,30,0.1,2
0.201428571428571,0.826689774696707,282,1400,477,100,30,30,0.1,5
0.208571428571429,0.870402802101576,292,1400,497,74,30,30,0.1,50
0.223571428571429,0.970204841713222,313,1400,521,16,30,30,0.1,150
0.223571428571429,0.983018867924528,313,1400,521,9,30,30,0.1,200
0.557857142857143,0.872698158526821,781,1400,1090,159,30,30,0.2,2
0.571428571428571,0.896607431340872,800,1400,1110,128,30,30,0.2,5
0.590714285714286,0.922141119221411,827,1400,1137,96,30,30,0.2,50
0.632857142857143,0.971590909090909,886,1400,1197,35,30,30,0.2,150
0.633571428571429,0.972402597402597,887,1400,1198,34,30,30,0.2,200
0.824285714285714,0.932075471698113,1154,1400,1482,108,30,30,0.5,2
0.842142857142857,0.956825396825397,1179,1400,1507,68,30,30,0.5,5
0.847142857142857,0.961269841269841,1186,1400,1514,61,30,30,0.5,50
0.850714285714286,0.963221306277742,1191,1400,1519,58,30,30,0.5,150
0.850714285714286,0.963832487309645,1191,1400,1519,57,30,30,0.5,200
0.860714285714286,0.923677884615385,1205,1400,1537,127,30,30,0.8,2
0.88,0.947910357359176,1232,1400,1565,86,30,30,0.8,5
0.881428571428571,0.948547215496368,1234,1400,1567,85,30,30,0.8,50
0.884285714285714,0.948671497584541,1238,1400,1571,85,30,30,0.8,150
0.885,0.951603145795523,1239,1400,1573,80,30,30,0.8,200
0.864285714285714,0.917110716400237,1210,1400,1549,140,30,30,1,2
0.887142857142857,0.943317422434368,1242,1400,1581,95,30,30,1,5
0.889285714285714,0.945107398568019,1245,1400,1584,92,30,30,1,50
0.889285714285714,0.945107398568019,1245,1400,1584,92,30,30,1,150
0.889285714285714,0.945107398568019,1245,1400,1584,92,30,30,1,200
0.0435714285714286,0.80952380952381,61,1400,136,32,30,45,0.05,2
0.0457142857142857,0.844311377245509,64,1400,141,26,30,45,0.05,5
0.0457142857142857,0.854545454545454,64,1400,141,24,30,45,0.05,50
0.0507142857142857,0.967741935483871,71,1400,150,5,30,45,0.05,150
0.0514285714285714,0.980519480519481,72,1400,151,3,30,45,0.05,200
0.197857142857143,0.802385008517888,277,1400,471,116,30,45,0.1,2
0.205714285714286,0.827350427350427,288,1400,484,101,30,45,0.1,5
0.213571428571429,0.870689655172414,299,1400,505,75,30,45,0.1,50
0.228571428571429,0.968864468864469,320,1400,529,17,30,45,0.1,150
0.228571428571429,0.981447124304267,320,1400,529,10,30,45,0.1,200
0.559285714285714,0.871019108280255,783,1400,1094,162,30,45,0.2,2
0.572857142857143,0.894779116465863,802,1400,1114,131,30,45,0.2,5
0.594285714285714,0.92258064516129,832,1400,1144,96,30,45,0.2,50
0.635714285714286,0.97172859450727,890,1400,1203,35,30,45,0.2,150
0.636428571428571,0.972536348949919,891,1400,1204,34,30,45,0.2,200
0.823571428571429,0.930320150659134,1153,1400,1482,111,30,45,0.5,2
0.841428571428571,0.955006337135615,1178,1400,1507,71,30,45,0.5,5
0.846428571428571,0.959468017732742,1185,1400,1515,64,30,45,0.5,50
0.850714285714286,0.961441213653603,1191,1400,1521,61,30,45,0.5,150
0.850714285714286,0.961441213653603,1191,1400,1521,61,30,45,0.5,200
0.864285714285714,0.921697549312612,1210,1400,1542,131,30,45,0.8,2
0.883571428571429,0.94578313253012,1237,1400,1570,90,30,45,0.8,5
0.885,0.946450060168472,1239,1400,1573,89,30,45,0.8,50
0.887857142857143,0.946578631452581,1243,1400,1577,89,30,45,0.8,150
0.888571428571429,0.95009019843656,1244,1400,1580,83,30,45,0.8,200
0.861428571428571,0.914792899408284,1206,1400,1546,144,30,45,1,2
0.885,0.941562313655337,1239,1400,1579,98,30,45,1,5
0.887142857142857,0.943384982121573,1242,1400,1583,95,30,45,1,50
0.888571428571429,0.943452380952381,1244,1400,1585,95,30,45,1,150
0.888571428571429,0.944576877234803,1244,1400,1585,93,30,45,1,200
0.0435714285714286,0.798816568047337,61,1400,135,34,30,60,0.05,2
0.0457142857142857,0.833333333333333,64,1400,140,28,30,60,0.05,5
0.0464285714285714,0.844311377245509,65,1400,141,26,30,60,0.05,50
0.0514285714285714,0.961538461538462,72,1400,150,6,30,60,0.05,150
0.0521428571428571,0.980519480519481,73,1400,151,3,30,60,0.05,200
0.2,0.804054054054054,280,1400,476,116,30,60,0.1,2
0.207857142857143,0.82741116751269,291,1400,489,102,30,60,0.1,5
0.216428571428571,0.870528109028961,303,1400,511,76,30,60,0.1,50
0.232142857142857,0.967509025270758,325,1400,536,18,30,60,0.1,150
0.232142857142857,0.981684981684982,325,1400,536,10,30,60,0.1,200
0.565,0.874009508716323,791,1400,1103,159,30,60,0.2,2
0.579285714285714,0.898481215027978,811,1400,1124,127,30,60,0.2,5
0.599285714285714,0.924558587479936,839,1400,1152,94,30,60,0.2,50
0.640714285714286,0.971910112359551,897,1400,1211,35,30,60,0.2,150
0.641428571428571,0.972712680577849,898,1400,1212,34,30,60,0.2,200
0.823571428571429,0.929692404268675,1153,1400,1481,112,30,60,0.5,2
0.841428571428571,0.954372623574145,1178,1400,1506,72,30,60,0.5,5
0.846428571428571,0.958808618504436,1185,1400,1513,65,30,60,0.5,50
0.850714285714286,0.96078431372549,1191,1400,1519,62,30,60,0.5,150
0.850714285714286,0.961392405063291,1191,1400,1519,61,30,60,0.5,200
0.862857142857143,0.922708208508089,1208,1400,1540,129,30,60,0.8,2
0.880714285714286,0.945652173913043,1233,1400,1566,90,30,60,0.8,5
0.882142857142857,0.946288473144237,1235,1400,1568,89,30,60,0.8,50
0.885714285714286,0.946450060168472,1240,1400,1573,89,30,60,0.8,150
0.886428571428571,0.949939686369119,1241,1400,1575,83,30,60,0.8,200
0.859285714285714,0.913507109004739,1203,1400,1542,146,30,60,1,2
0.882857142857143,0.940298507462687,1236,1400,1575,100,30,60,1,5
0.885,0.942089552238806,1239,1400,1578,97,30,60,1,50
0.886428571428571,0.942158616577221,1241,1400,1580,97,30,60,1,150
0.886428571428571,0.943283582089552,1241,1400,1580,95,30,60,1,200
0.0442857142857143,0.805882352941176,62,1400,137,33,30,75,0.05,2
0.0464285714285714,0.840236686390533,65,1400,142,27,30,75,0.05,5
0.0471428571428571,0.851190476190476,66,1400,143,25,30,75,0.05,50
0.0521428571428571,0.968152866242038,73,1400,152,5,30,75,0.05,150
0.0528571428571429,0.980769230769231,74,1400,153,3,30,75,0.05,200
0.2,0.805414551607445,280,1400,476,115,30,75,0.1,2
0.207857142857143,0.830220713073005,291,1400,489,100,30,75,0.1,5
0.215714285714286,0.873287671232877,302,1400,510,74,30,75,0.1,50
0.231428571428571,0.969202898550725,324,1400,535,17,30,75,0.1,150
0.231428571428571,0.981651376146789,324,1400,535,10,30,75,0.1,200
0.562857142857143,0.871632329635499,788,1400,1100,162,30,75,0.2,2
0.576428571428571,0.895283772981615,807,1400,1120,131,30,75,0.2,5
0.596428571428571,0.922088353413655,835,1400,1148,97,30,75,0.2,50
0.638571428571429,0.97184231697506,894,1400,1208,35,30,75,0.2,150
0.639285714285714,0.972646822204344,895,1400,1209,34,30,75,0.2,200
0.821428571428571,0.928975487115022,1150,1400,1478,113,30,75,0.5,2
0.838571428571429,0.953045685279188,1174,1400,1502,74,30,75,0.5,5
0.843571428571429,0.95748730964467,1181,1400,1509,67,30,75,0.5,50
0.847857142857143,0.959468017732742,1187,1400,1515,64,30,75,0.5,150
0.847857142857143,0.960684844641725,1187,1400,1515,62,30,75,0.5,200
0.86,0.922522522522523,1204,1400,1536,129,30,75,0.8,2
0.878571428571429,0.946125907990315,1230,1400,1563,89,30,75,0.8,5
0.88,0.946763460375076,1232,1400,1565,88,30,75,0.8,50
0.884285714285714,0.946955997588909,1238,1400,1571,88,30,75,0.8,150
0.885,0.950453172205438,1239,1400,1573,82,30,75,0.8,200
0.858571428571429,0.914540059347181,1202,1400,1541,144,30,75,1,2
0.882142857142857,0.941387559808612,1235,1400,1574,98,30,75,1,5
0.884285714285714,0.943181818181818,1238,1400,1577,95,30,75,1,50
0.885714285714286,0.943249701314217,1240,1400,1579,95,30,75,1,150
0.885714285714286,0.944377990430622,1240,1400,1579,93,30,75,1,200
0.0457142857142857,0.812865497076023,64,1400,139,32,30,90,0.05,2
0.0478571428571429,0.847058823529412,67,1400,144,26,30,90,0.05,5
0.0478571428571429,0.857142857142857,67,1400,144,24,30,90,0.05,50
0.0528571428571429,0.968354430379747,74,1400,153,5,30,90,0.05,150
0.0535714285714286,0.980891719745223,75,1400,154,3,30,90,0.05,200
0.199285714285714,0.806779661016949,279,1400,476,114,30,90,0.1,2
0.207142857142857,0.831632653061224,290,1400,489,99,30,90,0.1,5
0.215714285714286,0.874785591766724,302,1400,510,73,30,90,0.1,50
0.230714285714286,0.967391304347826,323,1400,534,18,30,90,0.1,150
0.230714285714286,0.981617647058823,323,1400,534,10,30,90,0.1,200
0.566428571428571,0.875594294770206,793,1400,1105,157,30,90,0.2,2
0.579285714285714,0.898481215027978,811,1400,1124,127,30,90,0.2,5
0.598571428571429,0.923756019261637,838,1400,1151,95,30,90,0.2,50
0.64,0.971887550200803,896,1400,1210,35,30,90,0.2,150
0.640714285714286,0.972690763052209,897,1400,1211,34,30,90,0.2,200
0.822857142857143,0.930232558139535,1152,1400,1480,111,30,90,0.5,2
0.84,0.954314720812183,1176,1400,1504,72,30,90,0.5,5
0.845,0.958756345177665,1183,1400,1511,65,30,90,0.5,50
0.848571428571429,0.960709759188847,1188,1400,1516,62,30,90,0.5,150
0.848571428571429,0.961318960050729,1188,1400,1516,61,30,90,0.5,200
0.860714285714286,0.923169267707083,1205,1400,1538,128,30,90,0.8,2
0.88,0.947368421052632,1232,1400,1566,87,30,90,0.8,5
0.880714285714286,0.947432024169184,1233,1400,1568,87,30,90,0.8,50
0.883571428571429,0.94755877034358,1237,1400,1572,87,30,90,0.8,150
0.884285714285714,0.95048309178744,1238,1400,1574,82,30,90,0.8,200
0.858571428571429,0.91513353115727,1202,1400,1542,143,30,90,1,2
0.882142857142857,0.941985645933014,1235,1400,1575,97,30,90,1,5
0.883571428571429,0.943215780035864,1237,1400,1578,95,30,90,1,50
0.884285714285714,0.943249701314217,1238,1400,1579,95,30,90,1,150
0.884285714285714,0.943813508667065,1238,1400,1579,94,30,90,1,200
0.0757142857142857,0.789115646258503,106,1400,232,62,45,15,0.05,2
0.0785714285714286,0.815068493150685,110,1400,238,54,45,15,0.05,5
0.0807142857142857,0.83448275862069,113,1400,242,48,45,15,0.05,50
0.0907142857142857,0.945255474452555,127,1400,259,15,45,15,0.05,150
0.0914285714285714,0.962962962962963,128,1400,260,10,45,15,0.05,200
0.303571428571429,0.836385836385836,425,1400,685,134,45,15,0.1,2
0.31,0.857142857142857,434,1400,696,116,45,15,0.1,5
0.318571428571429,0.886392009987516,446,1400,710,91,45,15,0.1,50
0.352142857142857,0.974489795918367,493,1400,764,20,45,15,0.1,150
0.352142857142857,0.978233034571063,493,1400,764,17,45,15,0.1,200
0.648571428571429,0.927710843373494,908,1400,1232,96,45,15,0.2,2
0.662142857142857,0.949165402124431,927,1400,1251,67,45,15,0.2,5
0.670714285714286,0.958270106221548,939,1400,1263,55,45,15,0.2,50
0.686428571428571,0.970543806646526,961,1400,1285,39,45,15,0.2,150
0.686428571428571,0.970543806646526,961,1400,1285,39,45,15,0.2,200
0.795,0.943717277486911,1113,1400,1442,86,45,15,0.5,2
0.810714285714286,0.966974900924703,1135,1400,1464,50,45,15,0.5,5
0.813571428571429,0.968976897689769,1139,1400,1468,47,45,15,0.5,50
0.816428571428571,0.969058591178407,1143,1400,1472,47,45,15,0.5,150
0.816428571428571,0.96969696969697,1143,1400,1472,46,45,15,0.5,200
0.838571428571429,0.926244622003688,1174,1400,1507,120,45,15,0.8,2
0.858571428571429,0.951642901425914,1202,1400,1535,78,45,15,0.8,5
0.86,0.952292441140025,1204,1400,1537,77,45,15,0.8,50
0.862142857142857,0.952410383189122,1207,1400,1541,77,45,15,0.8,150
0.862142857142857,0.954770755885997,1207,1400,1541,73,45,15,0.8,200
0.85,0.91656662665066,1190,1400,1527,139,45,15,1,2
0.87,0.941888619854721,1218,1400,1556,96,45,15,1,5
0.870714285714286,0.942493946731235,1219,1400,1557,95,45,15,1,50
0.873571428571429,0.942632850241546,1223,1400,1561,95,45,15,1,150
0.873571428571429,0.944915254237288,1223,1400,1561,91,45,15,1,200
0.107857142857143,0.785310734463277,151,1400,278,76,45,30,0.05,2
0.111428571428571,0.809659090909091,156,1400,285,67,45,30,0.05,5
0.113571428571429,0.825714285714286,159,1400,289,61,45,30,0.05,50
0.125714285714286,0.944954128440367,176,1400,309,18,45,30,0.05,150
0.126428571428571,0.96875,177,1400,310,10,45,30,0.05,200
0.375714285714286,0.83991462113127,526,1400,787,150,45,30,0.1,2
0.384285714285714,0.861290322580645,538,1400,801,129,45,30,0.1,5
0.397142857142857,0.893362350380849,556,1400,821,98,45,30,0.1,50
0.433571428571429,0.975582685904551,607,1400,879,22,45,30,0.1,150
0.433571428571429,0.979933110367893,607,1400,879,18,45,30,0.1,200
0.718571428571429,0.924305555555556,1006,1400,1331,109,45,30,0.2,2
0.732857142857143,0.946078431372549,1026,1400,1351,77,45,30,0.2,5
0.742857142857143,0.955882352941177,1040,1400,1365,63,45,30,0.2,50
0.760714285714286,0.968641114982578,1065,1400,1390,45,45,30,0.2,150
0.760714285714286,0.968641114982578,1065,1400,1390,45,45,30,0.2,200
0.861428571428571,0.924233313289236,1206,1400,1537,126,45,30,0.5,2
0.877142857142857,0.94602789569436,1228,1400,1560,89,45,30,0.5,5
0.879285714285714,0.947847180109157,1231,1400,1563,86,45,30,0.5,50
0.881428571428571,0.947973381730188,1234,1400,1567,86,45,30,0.5,150
0.881428571428571,0.948547215496368,1234,1400,1567,85,45,30,0.5,200
0.866428571428571,0.911764705882353,1213,1400,1550,150,45,30,0.8,2
0.887857142857143,0.937129300118624,1243,1400,1580,106,45,30,0.8,5
0.889285714285714,0.938315539739027,1245,1400,1582,104,45,30,0.8,50
0.891428571428571,0.938461538461538,1248,1400,1586,104,45,30,0.8,150
0.891428571428571,0.940688018979834,1248,1400,1586,100,45,30,0.8,200
0.866428571428571,0.903544450900639,1213,1400,1555,166,45,30,1,2
0.887142857142857,0.927985948477752,1242,1400,1585,123,45,30,1,5
0.888571428571429,0.929156908665105,1244,1400,1587,121,45,30,1,50
0.891428571428571,0.929322429906542,1248,1400,1591,121,45,30,1,150
0.891428571428571,0.931498829039813,1248,1400,1591,117,45,30,1,200
0.115,0.784741144414169,161,1400,288,79,45,45,0.05,2
0.118571428571429,0.808219178082192,166,1400,295,70,45,45,0.05,5
0.120714285714286,0.826446280991736,169,1400,300,63,45,45,0.05,50
0.134285714285714,0.947058823529412,188,1400,322,18,45,45,0.05,150
0.135,0.96996996996997,189,1400,323,10,45,45,0.05,200
0.377857142857143,0.83651804670913,529,1400,788,154,45,45,0.1,2
0.388571428571429,0.86096256684492,544,1400,805,130,45,45,0.1,5
0.401428571428571,0.892857142857143,562,1400,825,99,45,45,0.1,50
0.437857142857143,0.974613686534216,613,1400,883,23,45,45,0.1,150
0.437857142857143,0.977851605758583,613,1400,883,20,45,45,0.1,200
0.72,0.923769923769924,1008,1400,1333,110,45,45,0.2,2
0.735,0.946191474493361,1029,1400,1354,77,45,45,0.2,5
0.744285714285714,0.955276030747729,1042,1400,1367,64,45,45,0.2,50
0.762857142857143,0.968706536856745,1068,1400,1393,45,45,45,0.2,150
0.762857142857143,0.968706536856745,1068,1400,1393,45,45,45,0.2,200
0.862857142857143,0.91945107398568,1208,1400,1541,135,45,45,0.5,2
0.878571428571429,0.941034897713598,1230,1400,1564,98,45,45,0.5,5
0.880714285714286,0.942874323511726,1233,1400,1568,95,45,45,0.5,50
0.883571428571429,0.943045563549161,1237,1400,1573,95,45,45,0.5,150
0.883571428571429,0.944177671068427,1237,1400,1573,93,45,45,0.5,200
0.864285714285714,0.909571344685849,1210,1400,1549,154,45,45,0.8,2
0.885,0.934280639431616,1239,1400,1578,111,45,45,0.8,5
0.886428571428571,0.935502958579882,1241,1400,1581,109,45,45,0.8,50
0.89,0.935731132075472,1246,1400,1587,109,45,45,0.8,150
0.89,0.93905325443787,1246,1400,1587,103,45,45,0.8,200
0.865714285714286,0.900347624565469,1212,1400,1554,172,45,45,1,2
0.887142857142857,0.925817757009346,1242,1400,1585,127,45,45,1,5
0.888571428571429,0.926985981308411,1244,1400,1587,125,45,45,1,50
0.892857142857143,0.927240977881257,1250,1400,1593,125,45,45,1,150
0.892857142857143,0.930490654205608,1250,1400,1593,119,45,45,1,200
0.115,0.78804347826087,161,1400,290,78,45,60,0.05,2
0.118571428571429,0.811475409836066,166,1400,297,69,45,60,0.05,5
0.120714285714286,0.82967032967033,169,1400,302,62,45,60,0.05,50
0.134285714285714,0.950146627565982,188,1400,324,17,45,60,0.05,150
0.135,0.970149253731343,189,1400,325,10,45,60,0.05,200
0.384285714285714,0.840168243953733,538,1400,799,152,45,60,0.1,2
0.395,0.864406779661017,553,1400,816,128,45,60,0.1,5
0.407857142857143,0.896034297963558,571,1400,836,97,45,60,0.1,50
0.443571428571429,0.973827699018539,621,1400,893,24,45,60,0.1,150
0.443571428571429,0.978094194961665,621,1400,893,20,45,60,0.1,200
0.726428571428571,0.924879393521709,1017,1400,1342,109,45,60,0.2,2
0.741428571428571,0.947185545517721,1038,1400,1363,76,45,60,0.2,5
0.750714285714286,0.956219596942321,1051,1400,1376,63,45,60,0.2,50
0.767857142857143,0.968188105117566,1075,1400,1400,46,45,60,0.2,150
0.767857142857143,0.968188105117566,1075,1400,1400,46,45,60,0.2,200
0.858571428571429,0.919113241461953,1202,1400,1534,135,45,60,0.5,2
0.875,0.941389728096677,1225,1400,1558,97,45,60,0.5,5
0.877142857142857,0.943202416918429,1228,1400,1561,94,45,60,0.5,50
0.88,0.943373493975904,1232,1400,1566,94,45,60,0.5,150
0.88,0.944511459589867,1232,1400,1566,92,45,60,0.5,200
0.861428571428571,0.910377358490566,1206,1400,1544,152,45,60,0.8,2
0.880714285714286,0.934007134363853,1233,1400,1571,111,45,60,0.8,5
0.882142857142857,0.935196195005945,1235,1400,1573,109,45,60,0.8,50
0.885714285714286,0.93542654028436,1240,1400,1579,109,45,60,0.8,150
0.885714285714286,0.938763376932224,1240,1400,1579,103,45,60,0.8,200
0.865,0.901334881021474,1211,1400,1553,170,45,60,1,2
0.886428571428571,0.926315789473684,1241,1400,1584,126,45,60,1,5
0.887857142857143,0.927485380116959,1243,1400,1586,124,45,60,1,50
0.892142857142857,0.927738927738928,1249,1400,1592,124,45,60,1,150
0.892142857142857,0.930994152046784,1249,1400,1592,118,45,60,1,200
0.12,0.789893617021277,168,1400,297,79,45,75,0.05,2
0.123571428571429,0.812834224598931,173,1400,304,70,45,75,0.05,5
0.125714285714286,0.830645161290323,176,1400,309,63,45,75,0.05,50
0.138571428571429,0.948275862068966,194,1400,330,18,45,75,0.05,150
0.139285714285714,0.970674486803519,195,1400,331,10,45,75,0.05,200
0.385714285714286,0.844374342797056,540,1400,803,148,45,75,0.1,2
0.395714285714286,0.868504772004242,554,1400,819,124,45,75,0.1,5
0.407857142857143,0.897216274089936,571,1400,838,96,45,75,0.1,50
0.443571428571429,0.973884657236126,621,1400,895,24,45,75,0.1,150
0.443571428571429,0.978142076502732,621,1400,895,20,45,75,0.1,200
0.726428571428571,0.926155969634231,1017,1400,1342,107,45,75,0.2,2
0.741428571428571,0.948503827418232,1038,1400,1363,74,45,75,0.2,5
0.749285714285714,0.95615866388309,1049,1400,1374,63,45,75,0.2,50
0.766428571428571,0.96814404432133,1073,1400,1398,46,45,75,0.2,150
0.766428571428571,0.96814404432133,1073,1400,1398,46,45,75,0.2,200
0.86,0.919760479041916,1204,1400,1536,134,45,75,0.5,2
0.877142857142857,0.942632850241546,1228,1400,1561,95,45,75,0.5,5
0.879285714285714,0.944444444444444,1231,1400,1564,92,45,75,0.5,50
0.881428571428571,0.944578313253012,1234,1400,1568,92,45,75,0.5,150
0.881428571428571,0.945147679324895,1234,1400,1568,91,45,75,0.5,200
0.865,0.910105757931845,1211,1400,1549,153,45,75,0.8,2
0.885714285714286,0.934834123222749,1240,1400,1578,110,45,75,0.8,5
0.887142857142857,0.936018957345972,1242,1400,1580,108,45,75,0.8,50
0.89,0.936207914943887,1246,1400,1585,108,45,75,0.8,150
0.89,0.938981042654028,1246,1400,1585,103,45,75,0.8,200
0.862857142857143,0.899013348810215,1208,1400,1549,174,45,75,1,2
0.885,0.92510239906378,1239,1400,1581,128,45,75,1,5
0.886428571428571,0.926272674078408,1241,1400,1583,126,45,75,1,50
0.890714285714286,0.926573426573427,1247,1400,1590,126,45,75,1,150
0.890714285714286,0.930368636629608,1247,1400,1590,119,45,75,1,200
0.118571428571429,0.789333333333333,166,1400,296,79,45,90,0.05,2
0.122142857142857,0.812332439678284,171,1400,303,70,45,90,0.05,5
0.124285714285714,0.830188679245283,174,1400,308,63,45,90,0.05,50
0.137857142857143,0.948275862068966,193,1400,330,18,45,90,0.05,150
0.138571428571429,0.970674486803519,194,1400,331,10,45,90,0.05,200
0.385714285714286,0.846153846153846,540,1400,803,146,45,90,0.1,2
0.395714285714286,0.870350690754516,554,1400,819,122,45,90,0.1,5
0.407857142857143,0.900107411385607,571,1400,838,93,45,90,0.1,50
0.442857142857143,0.974918211559433,620,1400,894,23,45,90,0.1,150
0.442857142857143,0.978118161925602,620,1400,894,20,45,90,0.1,200
0.724285714285714,0.924085576259489,1014,1400,1339,110,45,90,0.2,2
0.74,0.947112038970077,1036,1400,1361,76,45,90,0.2,5
0.748571428571429,0.955462769659012,1048,1400,1373,64,45,90,0.2,50
0.766428571428571,0.96814404432133,1073,1400,1398,46,45,90,0.2,150
0.766428571428571,0.96814404432133,1073,1400,1398,46,45,90,0.2,200
0.860714285714286,0.919856459330144,1205,1400,1538,134,45,90,0.5,2
0.876428571428571,0.941495778045838,1227,1400,1561,97,45,90,0.5,5
0.878571428571429,0.94333936106088,1230,1400,1565,94,45,90,0.5,50
0.880714285714286,0.943475646422129,1233,1400,1569,94,45,90,0.5,150
0.880714285714286,0.944043321299639,1233,1400,1569,93,45,90,0.5,200
0.862142857142857,0.911556603773585,1207,1400,1546,150,45,90,0.8,2
0.881428571428571,0.935196195005945,1234,1400,1573,109,45,90,0.8,5
0.882142857142857,0.935828877005348,1235,1400,1575,108,45,90,0.8,50
0.885,0.936018957345972,1239,1400,1580,108,45,90,0.8,150
0.885,0.938799762329174,1239,1400,1580,103,45,90,0.8,200
0.861428571428571,0.901515151515151,1206,1400,1547,169,45,90,1,2
0.882142857142857,0.926556991774383,1235,1400,1577,125,45,90,1,5
0.882857142857143,0.927144535840188,1236,1400,1578,124,45,90,1,50
0.886428571428571,0.927400468384075,1241,1400,1584,124,45,90,1,150
0.886428571428571,0.930669800235018,1241,1400,1584,118,45,90,1,200
0.115714285714286,0.834123222748815,162,1400,352,70,60,15,0.05,2
0.119285714285714,0.854415274463007,167,1400,358,61,60,15,0.05,5
0.12,0.860911270983213,168,1400,359,58,60,15,0.05,50
0.135714285714286,0.974619289340102,190,1400,384,10,60,15,0.05,150
0.135714285714286,0.982097186700767,190,1400,384,7,60,15,0.05,200
0.407142857142857,0.889683350357508,570,1400,871,108,60,15,0.1,2
0.415714285714286,0.913133402275078,582,1400,883,84,60,15,0.1,5
0.425714285714286,0.935349322210636,596,1400,897,62,60,15,0.1,50
0.444285714285714,0.966492146596859,622,1400,923,32,60,15,0.1,150
0.444285714285714,0.967505241090147,622,1400,923,31,60,15,0.1,200
0.690714285714286,0.935507246376812,967,1400,1291,89,60,15,0.2,2
0.704285714285714,0.958333333333333,986,1400,1311,57,60,15,0.2,5
0.712142857142857,0.967081199707388,997,1400,1322,45,60,15,0.2,50
0.722142857142857,0.971636363636364,1011,1400,1336,39,60,15,0.2,150
0.722142857142857,0.971636363636364,1011,1400,1336,39,60,15,0.2,200
0.803571428571429,0.941709844559586,1125,1400,1454,90,60,15,0.5,2
0.821428571428571,0.966666666666667,1150,1400,1479,51,60,15,0.5,5
0.824285714285714,0.968647942521228,1154,1400,1483,48,60,15,0.5,50
0.825714285714286,0.968688845401174,1156,1400,1485,48,60,15,0.5,150
0.825714285714286,0.968688845401174,1156,1400,1485,48,60,15,0.5,200
0.842142857142857,0.919756838905775,1179,1400,1513,132,60,15,0.8,2
0.860714285714286,0.943627450980392,1205,1400,1540,92,60,15,0.8,5
0.862142857142857,0.944852941176471,1207,1400,1542,90,60,15,0.8,50
0.864285714285714,0.945021380574221,1210,1400,1547,90,60,15,0.8,150
0.864285714285714,0.947916666666667,1210,1400,1547,85,60,15,0.8,200
0.849285714285714,0.907792980368828,1189,1400,1526,155,60,15,1,2
0.868571428571429,0.933373349339736,1216,1400,1555,111,60,15,1,5
0.870714285714286,0.934613077384523,1219,1400,1558,109,60,15,1,50
0.872142857142857,0.93476959904249,1221,1400,1562,109,60,15,1,150
0.872857142857143,0.938775510204082,1222,1400,1564,102,60,15,1,200
0.168571428571429,0.81992337164751,236,1400,428,94,60,30,0.05,2
0.172857142857143,0.841698841698842,242,1400,436,82,60,30,0.05,5
0.175,0.855750487329435,245,1400,439,74,60,30,0.05,50
0.192142857142857,0.968814968814969,269,1400,466,15,60,30,0.05,150
0.192142857142857,0.985200845665962,269,1400,466,7,60,30,0.05,200
0.503571428571429,0.8886925795053,705,1400,1006,126,60,30,0.1,2
0.515714285714286,0.913392857142857,722,1400,1023,97,60,30,0.1,5
0.529285714285714,0.938793879387939,741,1400,1043,68,60,30,0.1,50
0.55,0.968383017163505,770,1400,1072,35,60,30,0.1,150
0.55,0.969258589511754,770,1400,1072,34,60,30,0.1,200
0.780714285714286,0.928571428571429,1093,1400,1417,109,60,30,0.2,2
0.795,0.949801849405548,1113,1400,1438,76,60,30,0.2,5
0.802857142857143,0.957699933906147,1124,1400,1449,64,60,30,0.2,50
0.813571428571429,0.962524654832347,1139,1400,1464,57,60,30,0.2,150
0.813571428571429,0.962524654832347,1139,1400,1464,57,60,30,0.2,200
0.858571428571429,0.919712402636309,1202,1400,1535,134,60,30,0.5,2
0.878571428571429,0.944410876132931,1230,1400,1563,92,60,30,0.5,5
0.880714285714286,0.946223564954683,1233,1400,1566,89,60,30,0.5,50
0.881428571428571,0.946288473144237,1234,1400,1568,89,60,30,0.5,150
0.881428571428571,0.946288473144237,1234,1400,1568,89,60,30,0.5,200
0.867142857142857,0.899942163100058,1214,1400,1556,173,60,30,0.8,2
0.886428571428571,0.923076923076923,1241,1400,1584,132,60,30,0.8,5
0.888571428571429,0.924825174825175,1244,1400,1587,129,60,30,0.8,50
0.890714285714286,0.925043579314352,1247,1400,1592,129,60,30,0.8,150
0.890714285714286,0.927738927738928,1247,1400,1592,124,60,30,0.8,200
0.867142857142857,0.896253602305475,1214,1400,1555,180,60,30,1,2
0.886428571428571,0.920395119116793,1241,1400,1584,137,60,30,1,5
0.888571428571429,0.922138291690877,1244,1400,1587,134,60,30,1,50
0.89,0.922363847045191,1246,1400,1592,134,60,30,1,150
0.890714285714286,0.926744186046512,1247,1400,1594,126,60,30,1,200
0.191428571428571,0.829443447037702,268,1400,462,95,60,45,0.05,2
0.196428571428571,0.851717902350814,275,1400,471,82,60,45,0.05,5
0.199285714285714,0.866788321167883,279,1400,475,73,60,45,0.05,50
0.215,0.970817120622568,301,1400,499,15,60,45,0.05,150
0.215,0.986166007905138,301,1400,499,7,60,45,0.05,200
0.533571428571429,0.892765957446809,747,1400,1049,126,60,45,0.1,2
0.545714285714286,0.916595012897678,764,1400,1066,97,60,45,0.1,5
0.558571428571429,0.941023417172593,782,1400,1085,68,60,45,0.1,50
0.58,0.969565217391304,812,1400,1115,35,60,45,0.1,150
0.58,0.970409051348999,812,1400,1115,34,60,45,0.1,200
0.792857142857143,0.929961089494163,1110,1400,1434,108,60,45,0.2,2
0.807142857142857,0.951602354480052,1130,1400,1455,74,60,45,0.2,5
0.815,0.959424083769634,1141,1400,1466,62,60,45,0.2,50
0.825714285714286,0.964192708333333,1156,1400,1481,55,60,45,0.2,150
0.825714285714286,0.964192708333333,1156,1400,1481,55,60,45,0.2,200
0.865,0.917507418397626,1211,1400,1546,139,60,45,0.5,2
0.884285714285714,0.941352483542789,1238,1400,1573,98,60,45,0.5,5
0.886428571428571,0.943181818181818,1241,1400,1577,95,60,45,0.5,50
0.886428571428571,0.943215780035864,1241,1400,1578,95,60,45,0.5,150
0.886428571428571,0.943215780035864,1241,1400,1578,95,60,45,0.5,200
0.867142857142857,0.897347174163783,1214,1400,1556,178,60,45,0.8,2
0.886428571428571,0.920395119116793,1241,1400,1584,137,60,45,0.8,5
0.888571428571429,0.922138291690877,1244,1400,1587,134,60,45,0.8,50
0.892142857142857,0.922453703703704,1249,1400,1594,134,60,45,0.8,150
0.892142857142857,0.926205694363742,1249,1400,1594,127,60,45,0.8,200
0.866428571428571,0.895221646516983,1213,1400,1555,182,60,45,1,2
0.885,0.919279907084785,1239,1400,1583,139,60,45,1,5
0.887142857142857,0.921067904817179,1242,1400,1587,136,60,45,1,50
0.888571428571429,0.921296296296296,1244,1400,1592,136,60,45,1,150
0.889285714285714,0.925667828106852,1245,1400,1594,128,60,45,1,200
0.192857142857143,0.830357142857143,270,1400,465,95,60,60,0.05,2
0.197857142857143,0.852517985611511,277,1400,474,82,60,60,0.05,5
0.200714285714286,0.869090909090909,281,1400,478,72,60,60,0.05,50
0.216428571428571,0.970986460348162,303,1400,502,15,60,60,0.05,150
0.216428571428571,0.986247544204322,303,1400,502,7,60,60,0.05,200
0.538571428571429,0.891983122362869,754,1400,1057,128,60,60,0.1,2
0.550714285714286,0.916382252559727,771,1400,1074,98,60,60,0.1,5
0.564285714285714,0.94067067927773,790,1400,1094,69,60,60,0.1,50
0.585714285714286,0.969801553062985,820,1400,1124,35,60,60,0.1,150
0.585714285714286,0.970639032815199,820,1400,1124,34,60,60,0.1,200
0.796428571428571,0.928387096774194,1115,1400,1439,111,60,60,0.2,2
0.810714285714286,0.949902407286923,1135,1400,1460,77,60,60,0.2,5
0.819285714285714,0.958333333333333,1147,1400,1472,64,60,60,0.2,50
0.83,0.963082901554404,1162,1400,1487,57,60,60,0.2,150
0.83,0.963082901554404,1162,1400,1487,57,60,60,0.2,200
0.862142857142857,0.917808219178082,1207,1400,1541,138,60,60,0.5,2
0.880714285714286,0.941141141141141,1233,1400,1567,98,60,60,0.5,5
0.882857142857143,0.942942942942943,1236,1400,1570,95,60,60,0.5,50
0.882857142857143,0.942977190876351,1236,1400,1571,95,60,60,0.5,150
0.882857142857143,0.942977190876351,1236,1400,1571,95,60,60,0.5,200
0.865,0.897628687102371,1211,1400,1552,177,60,60,0.8,2
0.884285714285714,0.920745920745921,1238,1400,1580,136,60,60,0.8,5
0.886428571428571,0.922494172494173,1241,1400,1583,133,60,60,0.8,50
0.889285714285714,0.922809053975624,1245,1400,1590,133,60,60,0.8,150
0.889285714285714,0.926573426573427,1245,1400,1590,126,60,60,0.8,200
0.866428571428571,0.89573732718894,1213,1400,1555,181,60,60,1,2
0.885,0.919279907084785,1239,1400,1583,139,60,60,1,5
0.887142857142857,0.921022067363531,1242,1400,1586,136,60,60,1,50
0.888571428571429,0.921205098493627,1244,1400,1590,136,60,60,1,150
0.889285714285714,0.925043579314352,1245,1400,1592,129,60,60,1,200
0.190714285714286,0.828264758497317,267,1400,463,96,60,75,0.05,2
0.195714285714286,0.85045045045045,274,1400,472,83,60,75,0.05,5
0.198571428571429,0.865454545454545,278,1400,476,74,60,75,0.05,50
0.216428571428571,0.971042471042471,303,1400,503,15,60,75,0.05,150
0.216428571428571,0.986274509803922,303,1400,503,7,60,75,0.05,200
0.538571428571429,0.892736486486487,754,1400,1057,127,60,75,0.1,2
0.551428571428571,0.91801878736123,772,1400,1075,96,60,75,0.1,5
0.564285714285714,0.94229112833764,790,1400,1094,67,60,75,0.1,50
0.584285714285714,0.968911917098446,818,1400,1122,36,60,75,0.1,150
0.584285714285714,0.969749351771824,818,1400,1122,35,60,75,0.1,200
0.795,0.928894634776988,1113,1400,1437,110,60,75,0.2,2
0.809285714285714,0.950456323337679,1133,1400,1458,76,60,75,0.2,5
0.817142857142857,0.958251793868232,1144,1400,1469,64,60,75,0.2,50
0.827857142857143,0.963011031797534,1159,1400,1484,57,60,75,0.2,150
0.827857142857143,0.963011031797534,1159,1400,1484,57,60,75,0.2,200
0.862142857142857,0.918306499701849,1207,1400,1540,137,60,75,0.5,2
0.88,0.941070354780517,1232,1400,1565,98,60,75,0.5,5
0.882142857142857,0.942874323511726,1235,1400,1568,95,60,75,0.5,50
0.882142857142857,0.942942942942943,1235,1400,1570,95,60,75,0.5,150
0.882142857142857,0.943509615384615,1235,1400,1570,94,60,75,0.5,200
0.865,0.897628687102371,1211,1400,1552,177,60,75,0.8,2
0.885,0.921328671328671,1239,1400,1581,135,60,75,0.8,5
0.887142857142857,0.923076923076923,1242,1400,1584,132,60,75,0.8,50
0.89,0.923389437028439,1246,1400,1591,132,60,75,0.8,150
0.89,0.927156177156177,1246,1400,1591,125,60,75,0.8,200
0.865,0.893948126801153,1211,1400,1551,184,60,75,1,2
0.884285714285714,0.918604651162791,1238,1400,1580,140,60,75,1,5
0.886428571428571,0.920348837209302,1241,1400,1583,137,60,75,1,50
0.887857142857143,0.920533642691415,1243,1400,1587,137,60,75,1,150
0.888571428571429,0.925538103548575,1244,1400,1591,128,60,75,1,200
0.193571428571429,0.832142857142857,271,1400,466,94,60,90,0.05,2
0.198571428571429,0.85431654676259,278,1400,475,81,60,90,0.05,5
0.201428571428571,0.869328493647913,282,1400,479,72,60,90,0.05,50
0.217857142857143,0.971098265895954,305,1400,504,15,60,90,0.05,150
0.217857142857143,0.986301369863014,305,1400,504,7,60,90,0.05,200
0.540714285714286,0.892255892255892,757,1400,1060,128,60,90,0.1,2
0.553571428571429,0.917446808510638,775,1400,1078,97,60,90,0.1,5
0.566428571428571,0.941630901287554,793,1400,1097,68,60,90,0.1,50
0.587142857142857,0.969018932874355,822,1400,1126,36,60,90,0.1,150
0.587142857142857,0.969853574504737,822,1400,1126,35,60,90,0.1,200
0.789285714285714,0.926766040181465,1105,1400,1430,113,60,90,0.2,2
0.803571428571429,0.948366013071895,1125,1400,1451,79,60,90,0.2,5
0.812142857142857,0.956834532374101,1137,1400,1463,66,60,90,0.2,50
0.823571428571429,0.961638491547464,1153,1400,1479,59,60,90,0.2,150
0.823571428571429,0.961638491547464,1153,1400,1479,59,60,90,0.2,200
0.863571428571429,0.920143027413588,1209,1400,1544,134,60,90,0.5,2
0.880714285714286,0.942307692307692,1233,1400,1568,96,60,90,0.5,5
0.882857142857143,0.944144144144144,1236,1400,1572,93,60,90,0.5,50
0.882857142857143,0.944177671068427,1236,1400,1573,93,60,90,0.5,150
0.882857142857143,0.944177671068427,1236,1400,1573,93,60,90,0.5,200
0.866428571428571,0.898265895953757,1213,1400,1554,176,60,90,0.8,2
0.885714285714286,0.921374490390215,1240,1400,1582,135,60,90,0.8,5
0.887142857142857,0.922539312754805,1242,1400,1584,133,60,90,0.8,50
0.889285714285714,0.922809053975624,1245,1400,1590,133,60,90,0.8,150
0.889285714285714,0.926033779848573,1245,1400,1590,127,60,90,0.8,200
0.862857142857143,0.894919168591224,1208,1400,1550,182,60,90,1,2
0.882142857142857,0.919627256843331,1235,1400,1579,138,60,90,1,5
0.883571428571429,0.920838183934808,1237,1400,1582,136,60,90,1,50
0.885,0.921067904817179,1239,1400,1587,136,60,90,1,150
0.885714285714286,0.925451368666278,1240,1400,1589,128,60,90,1,200
0.175714285714286,0.866913123844732,246,1400,469,72,75,15,0.05,2
0.177142857142857,0.882022471910112,248,1400,471,63,75,15,0.05,5
0.180714285714286,0.89811320754717,253,1400,476,54,75,15,0.05,50
0.192857142857143,0.966731898238748,270,1400,494,17,75,15,0.05,150
0.192857142857143,0.968627450980392,270,1400,494,16,75,15,0.05,200
0.450714285714286,0.908045977011494,631,1400,948,96,75,15,0.1,2
0.461428571428571,0.932236205227493,646,1400,963,70,75,15,0.1,5
0.474285714285714,0.951503394762367,664,1400,981,50,75,15,0.1,50
0.493571428571429,0.969230769230769,691,1400,1008,32,75,15,0.1,150
0.493571428571429,0.969230769230769,691,1400,1008,32,75,15,0.1,200
0.727857142857143,0.937369519832985,1019,1400,1347,90,75,15,0.2,2
0.745714285714286,0.96416022487702,1044,1400,1372,51,75,15,0.2,5
0.747142857142857,0.965565706254392,1046,1400,1374,49,75,15,0.2,50
0.751428571428571,0.967741935483871,1052,1400,1380,46,75,15,0.2,150
0.751428571428571,0.967741935483871,1052,1400,1380,46,75,15,0.2,200
0.795714285714286,0.940755208333333,1114,1400,1445,91,75,15,0.5,2
0.812857142857143,0.964543663821405,1138,1400,1469,54,75,15,0.5,5
0.815,0.965245901639344,1141,1400,1472,53,75,15,0.5,50
0.819285714285714,0.965382103200523,1147,1400,1478,53,75,15,0.5,150
0.819285714285714,0.968545216251638,1147,1400,1478,48,75,15,0.5,200
0.845,0.91772534785239,1183,1400,1517,136,75,15,0.8,2
0.862857142857143,0.942002442002442,1208,1400,1543,95,75,15,0.8,5
0.865,0.943258084197682,1211,1400,1546,93,75,15,0.8,50
0.867142857142857,0.943465045592705,1214,1400,1552,93,75,15,0.8,150
0.867142857142857,0.947496947496947,1214,1400,1552,86,75,15,0.8,200
0.851428571428571,0.906028368794326,1192,1400,1533,159,75,15,1,2
0.871428571428571,0.930870083432658,1220,1400,1562,116,75,15,1,5
0.873571428571429,0.93210244192972,1223,1400,1565,114,75,15,1,50
0.877142857142857,0.932384341637011,1228,1400,1572,114,75,15,1,150
0.877142857142857,0.936271590232281,1228,1400,1572,107,75,15,1,200
0.225714285714286,0.861244019138756,316,1400,540,87,75,30,0.05,2
0.227857142857143,0.875806451612903,319,1400,543,77,75,30,0.05,5
0.232142857142857,0.892682926829268,325,1400,549,66,75,30,0.05,50
0.247142857142857,0.967796610169491,346,1400,571,19,75,30,0.05,150
0.247142857142857,0.97108843537415,346,1400,571,17,75,30,0.05,200
0.582857142857143,0.9064,816,1400,1133,117,75,30,0.1,2
0.596428571428571,0.931285367825384,835,1400,1152,85,75,30,0.1,5
0.613571428571429,0.952226720647773,859,1400,1176,59,75,30,0.1,50
0.635714285714286,0.97184231697506,890,1400,1208,35,75,30,0.1,150
0.635714285714286,0.97184231697506,890,1400,1208,35,75,30,0.1,200
0.819285714285714,0.932406822488945,1147,1400,1476,107,75,30,0.2,2
0.837142857142857,0.957270408163265,1172,1400,1501,67,75,30,0.2,5
0.839285714285714,0.959183673469388,1175,1400,1504,64,75,30,0.2,50
0.842857142857143,0.96053469127944,1180,1400,1509,62,75,30,0.2,150
0.842857142857143,0.96053469127944,1180,1400,1509,62,75,30,0.2,200
0.855714285714286,0.910005920663114,1198,1400,1537,152,75,30,0.5,2
0.875,0.933174224343675,1225,1400,1564,112,75,30,0.5,5
0.876428571428571,0.933810375670841,1227,1400,1566,111,75,30,0.5,50
0.88,0.934046345811052,1232,1400,1572,111,75,30,0.5,150
0.88,0.936829558998808,1232,1400,1572,106,75,30,0.5,200
0.865,0.897228637413395,1211,1400,1554,178,75,30,0.8,2
0.883571428571429,0.920256111757858,1237,1400,1581,137,75,30,0.8,5
0.885714285714286,0.921465968586387,1240,1400,1584,135,75,30,0.8,50
0.886428571428571,0.921739130434783,1241,1400,1590,135,75,30,0.8,150
0.886428571428571,0.925494761350407,1241,1400,1590,128,75,30,0.8,200
0.868571428571429,0.89149057681325,1216,1400,1561,190,75,30,1,2
0.889285714285714,0.91594703511802,1245,1400,1591,146,75,30,1,5
0.891428571428571,0.917674150834773,1248,1400,1594,143,75,30,1,50
0.895,0.918004587155963,1253,1400,1601,143,75,30,1,150
0.895,0.921704087507196,1253,1400,1601,136,75,30,1,200
0.261428571428571,0.866372980910426,366,1400,590,91,75,45,0.05,2
0.263571428571429,0.879821958456973,369,1400,593,81,75,45,0.05,5
0.268571428571429,0.896860986547085,376,1400,600,69,75,45,0.05,50
0.284285714285714,0.968895800933126,398,1400,623,20,75,45,0.05,150
0.284285714285714,0.97191887675507,398,1400,623,18,75,45,0.05,200
0.635,0.908816880180859,889,1400,1206,121,75,45,0.1,2
0.648571428571429,0.932977913175933,908,1400,1225,88,75,45,0.1,5
0.665714285714286,0.952707856598017,932,1400,1249,62,75,45,0.1,50
0.688571428571429,0.971948445792267,964,1400,1282,37,75,45,0.1,150
0.688571428571429,0.971948445792267,964,1400,1282,37,75,45,0.1,200
0.827142857142857,0.931704260651629,1158,1400,1487,109,75,45,0.2,2
0.844285714285714,0.955724225173941,1182,1400,1511,70,75,45,0.2,5
0.846428571428571,0.957621758380772,1185,1400,1514,67,75,45,0.2,50
0.850714285714286,0.95959595959596,1191,1400,1520,64,75,45,0.2,150
0.850714285714286,0.95959595959596,1191,1400,1520,64,75,45,0.2,200
0.861428571428571,0.90791788856305,1206,1400,1548,157,75,45,0.5,2
0.880714285714286,0.930851063829787,1233,1400,1575,117,75,45,0.5,5
0.882142857142857,0.931523022432113,1235,1400,1578,116,75,45,0.5,50
0.886428571428571,0.93180482069371,1241,1400,1585,116,75,45,0.5,150
0.886428571428571,0.934551886792453,1241,1400,1585,111,75,45,0.5,200
0.866428571428571,0.895797351755901,1213,1400,1556,181,75,45,0.8,2
0.885,0.919279907084785,1239,1400,1583,139,75,45,0.8,5
0.886428571428571,0.91990713871155,1241,1400,1585,138,75,45,0.8,50
0.887857142857143,0.920231213872832,1243,1400,1592,138,75,45,0.8,150
0.887857142857143,0.924506387921022,1243,1400,1592,130,75,45,0.8,200
0.871428571428571,0.890278567367823,1220,1400,1566,193,75,45,1,2
0.892857142857143,0.915186246418338,1250,1400,1597,148,75,45,1,5
0.895,0.916953035509737,1253,1400,1601,145,75,45,1,50
0.898571428571429,0.917284654877353,1258,1400,1608,145,75,45,1,150
0.898571428571429,0.920962199312715,1258,1400,1608,138,75,45,1,200
0.27,0.871014492753623,378,1400,601,89,75,60,0.05,2
0.272857142857143,0.885797950219619,382,1400,605,78,75,60,0.05,5
0.277142857142857,0.90117994100295,388,1400,611,67,75,60,0.05,50
0.292142857142857,0.970858895705521,409,1400,633,19,75,60,0.05,150
0.292142857142857,0.972350230414747,409,1400,633,18,75,60,0.05,200
0.637142857142857,0.909706546275395,892,1400,1209,120,75,60,0.1,2
0.650714285714286,0.93384030418251,911,1400,1228,87,75,60,0.1,5
0.667857142857143,0.953541507996954,935,1400,1252,61,75,60,0.1,50
0.69,0.971990915972748,966,1400,1284,37,75,60,0.1,150
0.69,0.971990915972748,966,1400,1284,37,75,60,0.1,200
0.831428571428571,0.930798004987531,1164,1400,1493,111,75,60,0.2,2
0.849285714285714,0.955317809943361,1189,1400,1518,71,75,60,0.2,5
0.851428571428571,0.957205789804909,1192,1400,1521,68,75,60,0.2,50
0.855714285714286,0.959170854271357,1198,1400,1527,65,75,60,0.2,150
0.855714285714286,0.959170854271357,1198,1400,1527,65,75,60,0.2,200
0.860714285714286,0.906744868035191,1205,1400,1546,159,75,60,0.5,2
0.88,0.929669030732861,1232,1400,1573,119,75,60,0.5,5
0.881428571428571,0.930301240401654,1234,1400,1575,118,75,60,0.5,50
0.885,0.930547380812243,1239,1400,1581,118,75,60,0.5,150
0.885714285714286,0.933923303834808,1240,1400,1583,112,75,60,0.5,200
0.865,0.895100864553314,1211,1400,1553,182,75,60,0.8,2
0.884285714285714,0.918651946542708,1238,1400,1581,140,75,60,0.8,5
0.885714285714286,0.919279907084785,1240,1400,1583,139,75,60,0.8,50
0.887142857142857,0.919653179190751,1242,1400,1591,139,75,60,0.8,150
0.887142857142857,0.924462521789657,1242,1400,1591,130,75,60,0.8,200
0.872857142857143,0.890784982935154,1222,1400,1566,192,75,60,1,2
0.892857142857143,0.914564220183486,1250,1400,1595,149,75,60,1,5
0.895,0.916284403669725,1253,1400,1598,146,75,60,1,50
0.897857142857143,0.916571428571429,1257,1400,1604,146,75,60,1,150
0.898571428571429,0.920871559633027,1258,1400,1606,138,75,60,1,200
0.272142857142857,0.869252873563218,381,1400,605,91,75,75,0.05,2
0.275,0.88388969521045,385,1400,609,80,75,75,0.05,5
0.279285714285714,0.899122807017544,391,1400,615,69,75,75,0.05,50
0.294285714285714,0.969558599695586,412,1400,637,20,75,75,0.05,150
0.294285714285714,0.971036585365854,412,1400,637,19,75,75,0.05,200
0.640714285714286,0.91072768192048,897,1400,1214,119,75,75,0.1,2
0.652857142857143,0.933990895295903,914,1400,1231,87,75,75,0.1,5
0.67,0.953647416413374,938,1400,1255,61,75,75,0.1,50
0.692142857142857,0.972054380664653,969,1400,1287,37,75,75,0.1,150
0.692142857142857,0.972054380664653,969,1400,1287,37,75,75,0.1,200
0.832142857142857,0.93142144638404,1165,1400,1494,110,75,75,0.2,2
0.849285714285714,0.955317809943361,1189,1400,1518,71,75,75,0.2,5
0.851428571428571,0.957205789804909,1192,1400,1521,68,75,75,0.2,50
0.855714285714286,0.958568738229755,1198,1400,1527,66,75,75,0.2,150
0.855714285714286,0.958568738229755,1198,1400,1527,66,75,75,0.2,200
0.858571428571429,0.90652557319224,1202,1400,1542,159,75,75,0.5,2
0.877857142857143,0.929502369668246,1229,1400,1569,119,75,75,0.5,5
0.879285714285714,0.930136175251628,1231,1400,1571,118,75,75,0.5,50
0.882857142857143,0.930424528301887,1236,1400,1578,118,75,75,0.5,150
0.883571428571429,0.934358367829687,1237,1400,1580,111,75,75,0.5,200
0.865,0.894585253456221,1211,1400,1553,183,75,75,0.8,2
0.884285714285714,0.918651946542708,1238,1400,1581,140,75,75,0.8,5
0.886428571428571,0.9198606271777,1241,1400,1584,138,75,75,0.8,50
0.887857142857143,0.920231213872832,1243,1400,1592,138,75,75,0.8,150
0.887857142857143,0.925043579314352,1243,1400,1592,129,75,75,0.8,200
0.87,0.890981735159817,1218,1400,1561,191,75,75,1,2
0.89,0.914844649021864,1246,1400,1590,148,75,75,1,5
0.892142857142857,0.916570771001151,1249,1400,1593,145,75,75,1,50
0.895,0.916905444126075,1253,1400,1600,145,75,75,1,150
0.895714285714286,0.92174913693901,1254,1400,1602,136,75,75,1,200
0.274285714285714,0.867897727272727,384,1400,611,93,75,90,0.05,2
0.277142857142857,0.882352941176471,388,1400,615,82,75,90,0.05,5
0.282142857142857,0.898843930635838,395,1400,622,70,75,90,0.05,50
0.297857142857143,0.968468468468468,417,1400,645,21,75,90,0.05,150
0.297857142857143,0.971385542168675,417,1400,645,19,75,90,0.05,200
0.640714285714286,0.90936329588015,897,1400,1214,121,75,90,0.1,2
0.653571428571429,0.933333333333333,915,1400,1232,88,75,90,0.1,5
0.670714285714286,0.952959028831563,939,1400,1256,62,75,90,0.1,50
0.692857142857143,0.972075471698113,970,1400,1288,37,75,90,0.1,150
0.692857142857143,0.972075471698113,970,1400,1288,37,75,90,0.1,200
0.831428571428571,0.930218068535826,1164,1400,1493,112,75,90,0.2,2
0.849285714285714,0.954716981132075,1189,1400,1518,72,75,90,0.2,5
0.851428571428571,0.956603773584906,1192,1400,1521,69,75,90,0.2,50
0.855714285714286,0.958568738229755,1198,1400,1527,66,75,90,0.2,150
0.855714285714286,0.958568738229755,1198,1400,1527,66,75,90,0.2,200
0.855,0.906360424028269,1197,1400,1539,159,75,90,0.5,2
0.874285714285714,0.929376854599407,1224,1400,1566,119,75,90,0.5,5
0.875714285714286,0.930053349140486,1226,1400,1569,118,75,90,0.5,50
0.878571428571429,0.930260047281324,1230,1400,1574,118,75,90,0.5,150
0.879285714285714,0.933649289099526,1231,1400,1576,112,75,90,0.5,200
0.861428571428571,0.89370306181398,1206,1400,1547,184,75,90,0.8,2
0.880714285714286,0.917832167832168,1233,1400,1575,141,75,90,0.8,5
0.882857142857143,0.919044845661037,1236,1400,1578,139,75,90,0.8,50
0.884285714285714,0.919420289855073,1238,1400,1586,139,75,90,0.8,150
0.884285714285714,0.924242424242424,1238,1400,1586,130,75,90,0.8,200
0.872857142857143,0.891861126920888,1222,1400,1567,190,75,90,1,2
0.892142857142857,0.91508892713712,1249,1400,1595,148,75,90,1,5
0.893571428571429,0.916284403669725,1251,1400,1598,146,75,90,1,50
0.896428571428571,0.916571428571429,1255,1400,1604,146,75,90,1,150
0.897142857142857,0.920871559633027,1256,1400,1606,138,75,90,1,200
0.227857142857143,0.863157894736842,319,1400,574,91,90,15,0.05,2
0.231428571428571,0.884498480243161,324,1400,582,76,90,15,0.05,5
0.238571428571429,0.909509202453988,334,1400,593,59,90,15,0.05,50
0.257857142857143,0.961360123647604,361,1400,622,25,90,15,0.05,150
0.257857142857143,0.96583850931677,361,1400,622,22,90,15,0.05,200
0.49,0.924701561065197,686,1400,1007,82,90,15,0.1,2
0.501428571428571,0.946345975948196,702,1400,1023,58,90,15,0.1,5
0.509285714285714,0.956561922365989,713,1400,1035,47,90,15,0.1,50
0.522142857142857,0.96605504587156,731,1400,1053,37,90,15,0.1,150
0.522142857142857,0.96605504587156,731,1400,1053,37,90,15,0.1,200
0.728571428571429,0.940807799442897,1020,1400,1351,85,90,15,0.2,2
0.747857142857143,0.968376669009136,1047,1400,1378,45,90,15,0.2,5
0.75,0.969803370786517,1050,1400,1381,43,90,15,0.2,50
0.753571428571429,0.969909027291812,1055,1400,1386,43,90,15,0.2,150
0.753571428571429,0.969909027291812,1055,1400,1386,43,90,15,0.2,200
0.805,0.936375321336761,1127,1400,1457,99,90,15,0.5,2
0.824285714285714,0.963011031797534,1154,1400,1484,57,90,15,0.5,5
0.826428571428571,0.964332036316472,1157,1400,1487,55,90,15,0.5,50
0.829285714285714,0.964424320827943,1161,1400,1491,55,90,15,0.5,150
0.829285714285714,0.966299416720674,1161,1400,1491,52,90,15,0.5,200
0.844285714285714,0.9157134256472,1182,1400,1521,140,90,15,0.8,2
0.862857142857143,0.93871359223301,1208,1400,1547,101,90,15,0.8,5
0.865,0.939963614311704,1211,1400,1550,99,90,15,0.8,50
0.866428571428571,0.94010889292196,1213,1400,1554,99,90,15,0.8,150
0.866428571428571,0.942389326864767,1213,1400,1554,95,90,15,0.8,200
0.856428571428571,0.901639344262295,1199,1400,1540,168,90,15,1,2
0.875714285714286,0.925575900767868,1226,1400,1567,126,90,15,1,5
0.876428571428571,0.926166568222091,1227,1400,1568,125,90,15,1,50
0.881428571428571,0.927689594356261,1234,1400,1578,123,90,15,1,150
0.881428571428571,0.93317563571851,1234,1400,1578,113,90,15,1,200
0.282142857142857,0.853211009174312,395,1400,651,112,90,30,0.05,2
0.287142857142857,0.874338624338624,402,1400,661,95,90,30,0.05,5
0.296428571428571,0.903614457831325,415,1400,675,72,90,30,0.05,50
0.319285714285714,0.965940054495913,447,1400,709,25,90,30,0.05,150
0.319285714285714,0.969904240766074,447,1400,709,22,90,30,0.05,200
0.641428571428571,0.927701674277017,898,1400,1219,95,90,30,0.1,2
0.652857142857143,0.947085889570552,914,1400,1235,69,90,30,0.1,5
0.661428571428571,0.957088122605364,926,1400,1249,56,90,30,0.1,50
0.676428571428571,0.967250571210967,947,1400,1270,43,90,30,0.1,150
0.676428571428571,0.967250571210967,947,1400,1270,43,90,30,0.1,200
0.82,0.930188679245283,1148,1400,1479,111,90,30,0.2,2
0.841428571428571,0.958730158730159,1178,1400,1510,65,90,30,0.2,5
0.842857142857143,0.96002538071066,1180,1400,1513,63,90,30,0.2,50
0.846428571428571,0.960151802656547,1185,1400,1518,63,90,30,0.2,150
0.846428571428571,0.960759493670886,1185,1400,1518,62,90,30,0.2,200
0.866428571428571,0.90951821386604,1213,1400,1548,154,90,30,0.5,2
0.887142857142857,0.93479549496147,1242,1400,1577,110,90,30,0.5,5
0.888571428571429,0.935981031416716,1244,1400,1579,108,90,30,0.5,50
0.890714285714286,0.936132465996452,1247,1400,1583,108,90,30,0.5,150
0.890714285714286,0.937796208530806,1247,1400,1583,105,90,30,0.5,200
0.868571428571429,0.894616265750286,1216,1400,1562,184,90,30,0.8,2
0.888571428571429,0.917484131563762,1244,1400,1590,143,90,30,0.8,5
0.89,0.91863819965378,1246,1400,1592,141,90,30,0.8,50
0.890714285714286,0.918825561312608,1247,1400,1596,141,90,30,0.8,150
0.890714285714286,0.920946335833814,1247,1400,1596,137,90,30,0.8,200
0.875,0.884441939120631,1225,1400,1569,205,90,30,1,2
0.895,0.907902217168846,1253,1400,1597,162,90,30,1,5
0.896428571428571,0.909039226833428,1255,1400,1599,160,90,30,1,50
0.9,0.910067873303167,1260,1400,1609,159,90,30,1,150
0.9,0.915765509391007,1260,1400,1609,148,90,30,1,200
0.327857142857143,0.860576923076923,459,1400,716,116,90,45,0.05,2
0.333571428571429,0.881212121212121,467,1400,727,98,90,45,0.05,5
0.344285714285714,0.910539215686274,482,1400,743,73,90,45,0.05,50
0.366428571428571,0.968789013732834,513,1400,776,25,90,45,0.05,150
0.366428571428571,0.972431077694236,513,1400,776,22,90,45,0.05,200
0.697142857142857,0.928418038654259,976,1400,1297,100,90,45,0.1,2
0.711428571428571,0.948847262247839,996,1400,1317,71,90,45,0.1,5
0.72,0.958243340532757,1008,1400,1331,58,90,45,0.1,50
0.734285714285714,0.967072297780959,1028,1400,1351,46,90,45,0.1,150
0.734285714285714,0.967072297780959,1028,1400,1351,46,90,45,0.1,200
0.834285714285714,0.931098696461825,1168,1400,1500,111,90,45,0.2,2
0.855714285714286,0.959273182957393,1198,1400,1531,65,90,45,0.2,5
0.856428571428571,0.959924859110833,1199,1400,1533,64,90,45,0.2,50
0.860714285714286,0.960074859638178,1205,1400,1539,64,90,45,0.2,150
0.860714285714286,0.960674157303371,1205,1400,1539,63,90,45,0.2,200
0.869285714285714,0.90512223515716,1217,1400,1555,163,90,45,0.5,2
0.890714285714286,0.930710510863183,1247,1400,1585,118,90,45,0.5,5
0.891428571428571,0.931338028169014,1248,1400,1587,117,90,45,0.5,50
0.894285714285714,0.931538911644236,1252,1400,1592,117,90,45,0.5,150
0.894285714285714,0.933724340175953,1252,1400,1592,113,90,45,0.5,200
0.869285714285714,0.893142857142857,1217,1400,1563,187,90,45,0.8,2
0.89,0.916522740356937,1246,1400,1592,145,90,45,0.8,5
0.891428571428571,0.917721518987342,1248,1400,1595,143,90,45,0.8,50
0.892142857142857,0.917910447761194,1249,1400,1599,143,90,45,0.8,150
0.892142857142857,0.920552677029361,1249,1400,1599,138,90,45,0.8,200
0.873571428571429,0.882253521126761,1223,1400,1566,209,90,45,1,2
0.894285714285714,0.90625,1252,1400,1595,165,90,45,1,5
0.895714285714286,0.907386363636364,1254,1400,1597,163,90,45,1,50
0.9,0.908988128886376,1260,1400,1608,161,90,45,1,150
0.900714285714286,0.91529277998863,1261,1400,1610,149,90,45,1,200
0.345,0.864485981308411,483,1400,740,116,90,60,0.05,2
0.35,0.884433962264151,490,1400,750,98,90,60,0.05,5
0.360714285714286,0.912991656734207,505,1400,766,73,90,60,0.05,50
0.382857142857143,0.969660194174757,536,1400,799,25,90,60,0.05,150
0.382857142857143,0.97320341047503,536,1400,799,22,90,60,0.05,200
0.717857142857143,0.927272727272727,1005,1400,1326,104,90,60,0.1,2
0.731428571428571,0.94785059901339,1024,1400,1345,74,90,60,0.1,5
0.74,0.957042253521127,1036,1400,1359,61,90,60,0.1,50
0.755,0.966386554621849,1057,1400,1380,48,90,60,0.1,150
0.755,0.966386554621849,1057,1400,1380,48,90,60,0.1,200
0.837142857142857,0.930117501546073,1172,1400,1504,113,90,60,0.2,2
0.858571428571429,0.958177278401998,1202,1400,1535,67,90,60,0.2,5
0.859285714285714,0.958827199001872,1203,1400,1537,66,90,60,0.2,50
0.863571428571429,0.958980733374767,1209,1400,1543,66,90,60,0.2,150
0.863571428571429,0.959577114427861,1209,1400,1543,65,90,60,0.2,200
0.87,0.906177156177156,1218,1400,1555,161,90,60,0.5,2
0.89,0.930629041740153,1246,1400,1583,118,90,60,0.5,5
0.890714285714286,0.931216931216931,1247,1400,1584,117,90,60,0.5,50
0.893571428571429,0.931458699472759,1251,1400,1590,117,90,60,0.5,150
0.893571428571429,0.934195064629847,1251,1400,1590,112,90,60,0.5,200
0.869285714285714,0.892632781267847,1217,1400,1563,188,90,60,0.8,2
0.89,0.915995397008055,1246,1400,1592,146,90,60,0.8,5
0.891428571428571,0.917146144994246,1248,1400,1594,144,90,60,0.8,50
0.892857142857143,0.917383820998279,1250,1400,1599,144,90,60,0.8,150
0.892857142857143,0.920552677029361,1250,1400,1599,138,90,60,0.8,200
0.875,0.882948790095667,1225,1400,1569,208,90,60,1,2
0.895,0.906356413166856,1253,1400,1597,165,90,60,1,5
0.896428571428571,0.907491486946651,1255,1400,1599,163,90,60,1,50
0.9,0.908474576271186,1260,1400,1608,162,90,60,1,150
0.900714285714286,0.914253265190233,1261,1400,1610,151,90,60,1,200
0.350714285714286,0.864739884393064,491,1400,748,117,90,75,0.05,2
0.356428571428571,0.885647607934656,499,1400,759,98,90,75,0.05,5
0.367142857142857,0.913915094339623,514,1400,775,73,90,75,0.05,50
0.389285714285714,0.969987995198079,545,1400,808,25,90,75,0.05,150
0.389285714285714,0.973493975903614,545,1400,808,22,90,75,0.05,200
0.711428571428571,0.926812104152006,996,1400,1317,104,90,75,0.1,2
0.725,0.947517730496454,1015,1400,1336,74,90,75,0.1,5
0.733571428571429,0.956768249468462,1027,1400,1350,61,90,75,0.1,50
0.748571428571429,0.966173361522199,1048,1400,1371,48,90,75,0.1,150
0.748571428571429,0.966173361522199,1048,1400,1371,48,90,75,0.1,200
0.841428571428571,0.929802955665025,1178,1400,1510,114,90,75,0.2,2
0.862857142857143,0.957737725295214,1208,1400,1541,68,90,75,0.2,5
0.864285714285714,0.959006211180124,1210,1400,1544,66,90,75,0.2,50
0.868571428571429,0.959158415841584,1216,1400,1550,66,90,75,0.2,150
0.868571428571429,0.959752321981424,1216,1400,1550,65,90,75,0.2,200
0.870714285714286,0.903600464576074,1219,1400,1556,166,90,75,0.5,2
0.891428571428571,0.928529584065612,1248,1400,1585,122,90,75,0.5,5
0.892857142857143,0.929701230228471,1250,1400,1587,120,90,75,0.5,50
0.895714285714286,0.929947460595447,1254,1400,1593,120,90,75,0.5,150
0.895714285714286,0.932669789227166,1254,1400,1593,115,90,75,0.5,200
0.869285714285714,0.893081761006289,1217,1400,1562,187,90,75,0.8,2
0.89,0.91647465437788,1246,1400,1591,145,90,75,0.8,5
0.891428571428571,0.917626728110599,1248,1400,1593,143,90,75,0.8,50
0.892857142857143,0.917910447761194,1250,1400,1599,143,90,75,0.8,150
0.892857142857143,0.921613832853026,1250,1400,1599,136,90,75,0.8,200
0.872142857142857,0.883116883116883,1221,1400,1564,207,90,75,1,2
0.893571428571429,0.907744874715262,1251,1400,1594,162,90,75,1,5
0.895,0.908883826879271,1253,1400,1596,160,90,75,1,50
0.898571428571429,0.909915014164306,1258,1400,1606,159,90,75,1,150
0.899285714285714,0.916239316239316,1259,1400,1608,147,90,75,1,200
0.352857142857143,0.865207373271889,494,1400,751,117,90,90,0.05,2
0.358571428571429,0.886046511627907,502,1400,762,98,90,90,0.05,5
0.369285714285714,0.914218566392479,517,1400,778,73,90,90,0.05,50
0.391428571428571,0.970095693779904,548,1400,811,25,90,90,0.05,150
0.391428571428571,0.97358943577431,548,1400,811,22,90,90,0.05,200
0.712857142857143,0.926914968376669,998,1400,1319,104,90,90,0.1,2
0.727142857142857,0.947629157820241,1018,1400,1339,74,90,90,0.1,5
0.735714285714286,0.956859971711457,1030,1400,1353,61,90,90,0.1,50
0.75,0.966220971147079,1050,1400,1373,48,90,90,0.1,150
0.75,0.966220971147079,1050,1400,1373,48,90,90,0.1,200
0.841428571428571,0.929230769230769,1178,1400,1510,115,90,90,0.2,2
0.863571428571429,0.95776397515528,1209,1400,1542,68,90,90,0.2,5
0.865,0.95903165735568,1211,1400,1545,66,90,90,0.2,50
0.868571428571429,0.959158415841584,1216,1400,1550,66,90,90,0.2,150
0.868571428571429,0.959752321981424,1216,1400,1550,65,90,90,0.2,200
0.872142857142857,0.904292343387471,1221,1400,1559,165,90,90,0.5,2
0.892857142857143,0.929198361614979,1250,1400,1588,121,90,90,0.5,5
0.894285714285714,0.930409356725146,1252,1400,1591,119,90,90,0.5,50
0.896428571428571,0.930612244897959,1255,1400,1596,119,90,90,0.5,150
0.896428571428571,0.932787843366452,1255,1400,1596,115,90,90,0.5,200
0.869285714285714,0.893081761006289,1217,1400,1562,187,90,90,0.8,2
0.889285714285714,0.915898617511521,1245,1400,1590,146,90,90,0.8,5
0.890714285714286,0.917098445595855,1247,1400,1593,144,90,90,0.8,50
0.892142857142857,0.917383820998279,1249,1400,1599,144,90,90,0.8,150
0.892142857142857,0.921082949308756,1249,1400,1599,137,90,90,0.8,200
0.872857142857143,0.884180790960452,1222,1400,1565,205,90,90,1,2
0.893571428571429,0.908262108262108,1251,1400,1594,161,90,90,1,5
0.894285714285714,0.908831908831909,1252,1400,1595,160,90,90,1,50
0.897142857142857,0.909812819058423,1256,1400,1604,159,90,90,1,150
0.897857142857143,0.916143753565317,1257,1400,1606,147,90,90,1,200
0.0114285714285714,0.911111111111111,16,1400,41,4,20,15,0.05,100
0.114285714285714,0.87741935483871,160,1400,272,38,20,15,0.1,100
0.377142857142857,0.940546967895363,528,1400,791,50,20,15,0.2,100
0.757142857142857,0.975386779184248,1060,1400,1387,35,20,15,0.5,100
0.834285714285714,0.967032967032967,1168,1400,1496,51,20,15,0.8,100
0.855714285714286,0.960427135678392,1198,1400,1529,63,20,15,1,100
0.0157142857142857,0.924528301886792,22,1400,49,4,20,30,0.05,100
0.125,0.886850152905199,175,1400,290,37,20,30,0.1,100
0.405714285714286,0.942372881355932,568,1400,834,51,20,30,0.2,100
0.811428571428571,0.96953642384106,1136,1400,1464,46,20,30,0.5,100
0.873571428571429,0.958641975308642,1223,1400,1553,67,20,30,0.8,100
0.875,0.952933985330073,1225,1400,1559,77,20,30,1,100
0.0164285714285714,0.910714285714286,23,1400,51,5,20,45,0.05,100
0.132142857142857,0.899109792284866,185,1400,303,34,20,45,0.1,100
0.405,0.944444444444444,567,1400,833,49,20,45,0.2,100
0.814285714285714,0.969596827495043,1140,1400,1467,46,20,45,0.5,100
0.87,0.957920792079208,1218,1400,1548,68,20,45,0.8,100
0.870714285714286,0.951593137254902,1219,1400,1553,79,20,45,1,100
0.0157142857142857,0.925925925925926,22,1400,50,4,20,60,0.05,100
0.135714285714286,0.892753623188406,190,1400,308,37,20,60,0.1,100
0.407857142857143,0.94469525959368,571,1400,837,49,20,60,0.2,100
0.815714285714286,0.969656992084433,1142,1400,1470,46,20,60,0.5,100
0.870714285714286,0.957354758961681,1219,1400,1549,69,20,60,0.8,100
0.871428571428571,0.951622780159216,1220,1400,1554,79,20,60,1,100
0.0178571428571429,0.901639344262295,25,1400,55,6,20,75,0.05,100
0.137857142857143,0.896848137535817,193,1400,313,36,20,75,0.1,100
0.407857142857143,0.945885005636979,571,1400,839,48,20,75,0.2,100
0.815,0.96963696369637,1141,1400,1469,46,20,75,0.5,100
0.866428571428571,0.957196029776675,1213,1400,1543,69,20,75,0.8,100
0.867857142857143,0.950890116635973,1215,1400,1549,80,20,75,1,100
0.0192857142857143,0.90625,27,1400,58,6,20,90,0.05,100
0.138571428571429,0.897142857142857,194,1400,314,36,20,90,0.1,100
0.412142857142857,0.947309417040359,577,1400,845,47,20,90,0.2,100
0.812857142857143,0.96957671957672,1138,1400,1466,46,20,90,0.5,100
0.865,0.957737725295214,1211,1400,1541,68,20,90,0.8,100
0.864285714285714,0.952498457742134,1210,1400,1544,77,20,90,1,100
0.0364285714285714,0.925925925925926,51,1400,125,10,30,15,0.05,100
0.192857142857143,0.924564796905222,270,1400,478,39,30,15,0.1,100
0.583571428571429,0.959148936170213,817,1400,1127,48,30,15,0.2,100
0.788571428571429,0.972844534962661,1104,1400,1433,40,30,15,0.5,100
0.852857142857143,0.957286432160804,1194,1400,1524,68,30,15,0.8,100
0.869285714285714,0.952760736196319,1217,1400,1553,77,30,15,1,100
0.0457142857142857,0.915032679738562,64,1400,140,13,30,30,0.05,100
0.217857142857143,0.929347826086957,305,1400,513,39,30,30,0.1,100
0.625714285714286,0.958804523424879,876,1400,1187,51,30,30,0.2,100
0.850714285714286,0.963221306277742,1191,1400,1519,58,30,30,0.5,100
0.884285714285714,0.948671497584541,1238,1400,1571,85,30,30,0.8,100
0.889285714285714,0.945107398568019,1245,1400,1584,92,30,30,1,100
0.0492857142857143,0.925,69,1400,148,12,30,45,0.05,100
0.222857142857143,0.927046263345196,312,1400,521,41,30,45,0.1,100
0.628571428571429,0.957463884430177,880,1400,1193,53,30,45,0.2,100
0.850714285714286,0.961441213653603,1191,1400,1521,61,30,45,0.5,100
0.887857142857143,0.946578631452581,1243,1400,1577,89,30,45,0.8,100
0.888571428571429,0.943452380952381,1244,1400,1585,95,30,45,1,100
0.05,0.919254658385093,70,1400,148,13,30,60,0.05,100
0.225714285714286,0.926186291739895,316,1400,527,42,30,60,0.1,100
0.633571428571429,0.95926517571885,887,1400,1201,51,30,60,0.2,100
0.850714285714286,0.96078431372549,1191,1400,1519,62,30,60,0.5,100
0.885714285714286,0.946450060168472,1240,1400,1573,89,30,60,0.8,100
0.886428571428571,0.942158616577221,1241,1400,1580,97,30,60,1,100
0.0507142857142857,0.925925925925926,71,1400,150,12,30,75,0.05,100
0.225,0.927689594356261,315,1400,526,41,30,75,0.1,100
0.631428571428571,0.957633892885691,884,1400,1198,53,30,75,0.2,100
0.847857142857143,0.959468017732742,1187,1400,1515,64,30,75,0.5,100
0.884285714285714,0.946955997588909,1238,1400,1571,88,30,75,0.8,100
0.885714285714286,0.943249701314217,1240,1400,1579,95,30,75,1,100
0.0514285714285714,0.926380368098159,72,1400,151,12,30,90,0.05,100
0.225,0.927689594356261,315,1400,526,41,30,90,0.1,100
0.632857142857143,0.958466453674121,886,1400,1200,52,30,90,0.2,100
0.848571428571429,0.960709759188847,1188,1400,1516,62,30,90,0.5,100
0.883571428571429,0.94755877034358,1237,1400,1572,87,30,90,0.8,100
0.884285714285714,0.943249701314217,1238,1400,1579,95,30,90,1,100
0.0885714285714286,0.894736842105263,124,1400,255,30,45,15,0.05,100
0.348571428571429,0.954716981132075,488,1400,759,36,45,15,0.1,100
0.685714285714286,0.970521541950113,960,1400,1284,39,45,15,0.2,100
0.816428571428571,0.969058591178407,1143,1400,1472,47,45,15,0.5,100
0.862142857142857,0.952410383189122,1207,1400,1541,77,45,15,0.8,100
0.873571428571429,0.942632850241546,1223,1400,1561,95,45,15,1,100
0.123571428571429,0.894428152492669,173,1400,305,36,45,30,0.05,100
0.428571428571429,0.956140350877193,600,1400,872,40,45,30,0.1,100
0.76,0.968619246861925,1064,1400,1389,45,45,30,0.2,100
0.881428571428571,0.947973381730188,1234,1400,1567,86,45,30,0.5,100
0.891428571428571,0.938461538461538,1248,1400,1586,104,45,30,0.8,100
0.891428571428571,0.929322429906542,1248,1400,1591,121,45,30,1,100
0.132142857142857,0.898305084745763,185,1400,318,36,45,45,0.05,100
0.432857142857143,0.955288985823337,606,1400,876,41,45,45,0.1,100
0.762142857142857,0.968684759916493,1067,1400,1392,45,45,45,0.2,100
0.883571428571429,0.943045563549161,1237,1400,1573,95,45,45,0.5,100
0.89,0.935731132075472,1246,1400,1587,109,45,45,0.8,100
0.892857142857143,0.927240977881257,1250,1400,1593,125,45,45,1,100
0.132142857142857,0.903954802259887,185,1400,320,34,45,60,0.05,100
0.438571428571429,0.954741379310345,614,1400,886,42,45,60,0.1,100
0.767142857142857,0.968166089965398,1074,1400,1399,46,45,60,0.2,100
0.88,0.943373493975904,1232,1400,1566,94,45,60,0.5,100
0.885714285714286,0.93542654028436,1240,1400,1579,109,45,60,0.8,100
0.892142857142857,0.927738927738928,1249,1400,1592,124,45,60,1,100
0.136428571428571,0.900552486187845,191,1400,326,36,45,75,0.05,100
0.438571428571429,0.955866523143165,614,1400,888,41,45,75,0.1,100
0.765714285714286,0.968121968121968,1072,1400,1397,46,45,75,0.2,100
0.881428571428571,0.944578313253012,1234,1400,1568,92,45,75,0.5,100
0.89,0.936207914943887,1246,1400,1585,108,45,75,0.8,100
0.890714285714286,0.926573426573427,1247,1400,1590,126,45,75,1,100
0.135714285714286,0.903047091412742,190,1400,326,35,45,90,0.05,100
0.437857142857143,0.957883369330454,613,1400,887,39,45,90,0.1,100
0.765714285714286,0.968121968121968,1072,1400,1397,46,45,90,0.2,100
0.880714285714286,0.943475646422129,1233,1400,1569,94,45,90,0.5,100
0.885,0.936018957345972,1239,1400,1580,108,45,90,0.8,100
0.886428571428571,0.927400468384075,1241,1400,1584,124,45,90,1,100
0.133571428571429,0.938423645320197,187,1400,381,25,60,15,0.05,100
0.442857142857143,0.959375,620,1400,921,39,60,15,0.1,100
0.722142857142857,0.971636363636364,1011,1400,1336,39,60,15,0.2,100
0.825714285714286,0.968688845401174,1156,1400,1485,48,60,15,0.5,100
0.864285714285714,0.945021380574221,1210,1400,1547,90,60,15,0.8,100
0.872142857142857,0.93476959904249,1221,1400,1562,109,60,15,1,100
0.19,0.935353535353535,266,1400,463,32,60,30,0.05,100
0.548571428571429,0.962230215827338,768,1400,1070,42,60,30,0.1,100
0.813571428571429,0.962524654832347,1139,1400,1464,57,60,30,0.2,100
0.881428571428571,0.946288473144237,1234,1400,1568,89,60,30,0.5,100
0.890714285714286,0.925043579314352,1247,1400,1592,129,60,30,0.8,100
0.89,0.922363847045191,1246,1400,1592,134,60,30,1,100
0.212857142857143,0.939393939393939,298,1400,496,32,60,45,0.05,100
0.578571428571429,0.963636363636364,810,1400,1113,42,60,45,0.1,100
0.825714285714286,0.964192708333333,1156,1400,1481,55,60,45,0.2,100
0.886428571428571,0.943215780035864,1241,1400,1578,95,60,45,0.5,100
0.892142857142857,0.922453703703704,1249,1400,1594,134,60,45,0.8,100
0.888571428571429,0.921296296296296,1244,1400,1592,136,60,45,1,100
0.214285714285714,0.939736346516008,300,1400,499,32,60,60,0.05,100
0.584285714285714,0.963917525773196,818,1400,1122,42,60,60,0.1,100
0.83,0.963082901554404,1162,1400,1487,57,60,60,0.2,100
0.882857142857143,0.942977190876351,1236,1400,1571,95,60,60,0.5,100
0.889285714285714,0.922809053975624,1245,1400,1590,133,60,60,0.8,100
0.888571428571429,0.921205098493627,1244,1400,1590,136,60,60,1,100
0.214285714285714,0.936329588014981,300,1400,500,34,60,75,0.05,100
0.582857142857143,0.963026655202064,816,1400,1120,43,60,75,0.1,100
0.827857142857143,0.963011031797534,1159,1400,1484,57,60,75,0.2,100
0.882142857142857,0.942942942942943,1235,1400,1570,95,60,75,0.5,100
0.89,0.923389437028439,1246,1400,1591,132,60,75,0.8,100
0.887857142857143,0.920533642691415,1243,1400,1587,137,60,75,1,100
0.215714285714286,0.939962476547842,302,1400,501,32,60,90,0.05,100
0.585714285714286,0.963153384747215,820,1400,1124,43,60,90,0.1,100
0.823571428571429,0.961638491547464,1153,1400,1479,59,60,90,0.2,100
0.882857142857143,0.944177671068427,1236,1400,1573,93,60,90,0.5,100
0.889285714285714,0.922809053975624,1245,1400,1590,133,60,90,0.8,100
0.885,0.921067904817179,1239,1400,1587,136,60,90,1,100
0.19,0.942196531791908,266,1400,489,30,75,15,0.05,100
0.492142857142857,0.967307692307692,689,1400,1006,34,75,15,0.1,100
0.751428571428571,0.967741935483871,1052,1400,1380,46,75,15,0.2,100
0.819285714285714,0.965382103200523,1147,1400,1478,53,75,15,0.5,100
0.867142857142857,0.943465045592705,1214,1400,1552,93,75,15,0.8,100
0.877142857142857,0.932384341637011,1228,1400,1572,114,75,15,1,100
0.244285714285714,0.941763727121464,342,1400,566,35,75,30,0.05,100
0.633571428571429,0.969428801287208,887,1400,1205,38,75,30,0.1,100
0.842857142857143,0.96053469127944,1180,1400,1509,62,75,30,0.2,100
0.88,0.934046345811052,1232,1400,1572,111,75,30,0.5,100
0.886428571428571,0.921739130434783,1241,1400,1590,135,75,30,0.8,100
0.895,0.918004587155963,1253,1400,1601,143,75,30,1,100
0.281428571428571,0.944954128440367,394,1400,618,36,75,45,0.05,100
0.686428571428571,0.969673995451099,961,1400,1279,40,75,45,0.1,100
0.850714285714286,0.95959595959596,1191,1400,1520,64,75,45,0.2,100
0.886428571428571,0.93180482069371,1241,1400,1585,116,75,45,0.5,100
0.887857142857143,0.920231213872832,1243,1400,1592,138,75,45,0.8,100
0.898571428571429,0.917284654877353,1258,1400,1608,145,75,45,1,100
0.289285714285714,0.947209653092006,405,1400,628,35,75,60,0.05,100
0.687857142857143,0.969719909159728,963,1400,1281,40,75,60,0.1,100
0.855714285714286,0.959170854271357,1198,1400,1527,65,75,60,0.2,100
0.885,0.930547380812243,1239,1400,1581,118,75,60,0.5,100
0.887142857142857,0.919653179190751,1242,1400,1591,139,75,60,0.8,100
0.897857142857143,0.916571428571429,1257,1400,1604,146,75,60,1,100
0.291428571428571,0.946107784431138,408,1400,632,36,75,75,0.05,100
0.69,0.969788519637462,966,1400,1284,40,75,75,0.1,100
0.855714285714286,0.958568738229755,1198,1400,1527,66,75,75,0.2,100
0.882857142857143,0.930424528301887,1236,1400,1578,118,75,75,0.5,100
0.887857142857143,0.920231213872832,1243,1400,1592,138,75,75,0.8,100
0.895,0.916905444126075,1253,1400,1600,145,75,75,1,100
0.295,0.945347119645495,413,1400,640,37,75,90,0.05,100
0.690714285714286,0.969811320754717,967,1400,1285,40,75,90,0.1,100
0.855714285714286,0.958568738229755,1198,1400,1527,66,75,90,0.2,100
0.878571428571429,0.930260047281324,1230,1400,1574,118,75,90,0.5,100
0.884285714285714,0.919420289855073,1238,1400,1586,139,75,90,0.8,100
0.896428571428571,0.916571428571429,1255,1400,1604,146,75,90,1,100
0.255,0.949308755760369,357,1400,618,33,90,15,0.05,100
0.522142857142857,0.961643835616438,731,1400,1053,42,90,15,0.1,100
0.753571428571429,0.969909027291812,1055,1400,1386,43,90,15,0.2,100
0.829285714285714,0.964424320827943,1161,1400,1491,55,90,15,0.5,100
0.866428571428571,0.94010889292196,1213,1400,1554,99,90,15,0.8,100
0.880714285714286,0.926556991774383,1233,1400,1577,125,90,15,1,100
0.315714285714286,0.952638700947226,442,1400,704,35,90,30,0.05,100
0.676428571428571,0.963581183611533,947,1400,1270,48,90,30,0.1,100
0.846428571428571,0.960151802656547,1185,1400,1518,63,90,30,0.2,100
0.890714285714286,0.936132465996452,1247,1400,1583,108,90,30,0.5,100
0.890714285714286,0.918825561312608,1247,1400,1596,141,90,30,0.8,100
0.9,0.909553420011306,1260,1400,1609,160,90,30,1,100
0.362857142857143,0.955390334572491,508,1400,771,36,90,45,0.05,100
0.734285714285714,0.963623395149786,1028,1400,1351,51,90,45,0.1,100
0.860714285714286,0.960074859638178,1205,1400,1539,64,90,45,0.2,100
0.894285714285714,0.931538911644236,1252,1400,1592,117,90,45,0.5,100
0.892142857142857,0.917910447761194,1249,1400,1599,143,90,45,0.8,100
0.899285714285714,0.907909604519774,1259,1400,1607,163,90,45,1,100
0.379285714285714,0.956626506024096,531,1400,794,36,90,60,0.05,100
0.755,0.96301465457083,1057,1400,1380,53,90,60,0.1,100
0.863571428571429,0.958980733374767,1209,1400,1543,66,90,60,0.2,100
0.893571428571429,0.931458699472759,1251,1400,1590,117,90,60,0.5,100
0.892857142857143,0.917383820998279,1250,1400,1599,144,90,60,0.8,100
0.9,0.907961603613778,1260,1400,1608,163,90,60,1,100
0.385714285714286,0.957091775923719,540,1400,803,36,90,75,0.05,100
0.748571428571429,0.962780898876405,1048,1400,1371,53,90,75,0.1,100
0.868571428571429,0.959158415841584,1216,1400,1550,66,90,75,0.2,100
0.895714285714286,0.929947460595447,1254,1400,1593,120,90,75,0.5,100
0.892857142857143,0.917910447761194,1250,1400,1599,143,90,75,0.8,100
0.898571428571429,0.909399773499434,1258,1400,1606,160,90,75,1,100
0.387857142857143,0.957244655581948,543,1400,806,36,90,90,0.05,100
0.75,0.962833099579243,1050,1400,1373,53,90,90,0.1,100
0.868571428571429,0.959158415841584,1216,1400,1550,66,90,90,0.2,100
0.896428571428571,0.930612244897959,1255,1400,1596,119,90,90,0.5,100
0.892142857142857,0.917383820998279,1249,1400,1599,144,90,90,0.8,100
0.897142857142857,0.909297052154195,1256,1400,1604,160,90,90,1,100
